Name,Team,G,Rec,Targets,Rec.Yds,Rec.YG,Rec.Avg,Rec.Lng,YAC,Rec.1stD,Rec.TD,Rush,Rush.Yds,Rush.YG,Rush.Avg,Rush.TD,Fum,FumL,year
Jason Witten,DAL,16,94,128,1002,62.6,10.7,33,4.2,49,9,0,0,0,NA,0,1,1,2010
Vernon Davis,SFO,16,56,93,914,57.1,16.3,66,8.2,35,7,0,0,0,NA,0,0,0,2010
Chris Cooley,WAS,16,77,126,849,53.1,11,35,5.2,40,3,0,0,0,NA,0,3,1,2010
Antonio Gates,SDG,10,50,65,782,78.2,15.6,48,6.6,42,10,0,0,0,NA,0,0,0,2010
Benjamin Watson,CLE,16,68,102,763,47.7,11.2,44,4.3,40,3,1,-1,-0.1,-1,0,0,0,2010
Kellen Winslow,TAM,16,66,98,730,45.6,11.1,41,3.9,36,5,0,0,0,NA,0,1,0,2010
Brandon Pettigrew,DET,16,71,111,722,45.1,10.2,35,5.5,35,4,0,0,0,NA,0,0,0,2010
Marcedes Lewis,JAC,16,58,88,700,43.8,12.1,42,4.8,37,10,0,0,0,NA,0,2,2,2010
Dustin Keller,NYJ,16,55,101,687,42.9,12.5,41,4.4,33,5,0,0,0,NA,0,0,0,2010
Zach Miller,OAK,15,60,92,685,45.7,11.4,43,4.8,36,5,0,0,0,NA,0,1,0,2010
Tony Gonzalez,ATL,16,70,109,656,41,9.4,34,2.8,39,6,0,0,0,NA,0,0,0,2010
Jacob Tamme,IND,16,67,93,631,39.4,9.4,30,4.8,35,4,0,0,0,NA,0,0,0,2010
Todd Heap,BAL,13,40,64,599,46.1,15,65,6.3,30,5,0,0,0,NA,0,1,0,2010
Aaron Hernandez,NWE,14,45,64,563,40.2,12.5,46,6.7,27,6,3,47,3.4,15.7,0,0,0,2010
Tony Moeaki,KAN,15,47,73,556,37.1,11.8,34,4.5,31,3,0,0,0,NA,0,0,0,2010
Rob Gronkowski,NWE,16,42,59,546,34.1,13,28,4.9,30,10,0,0,0,NA,0,1,1,2010
Kevin Boss,NYG,15,35,70,531,35.4,15.2,54,6.9,22,5,0,0,0,NA,0,1,1,2010
Visanthe Shiancoe,MIN,16,47,80,530,33.1,11.3,33,3.8,21,2,0,0,0,NA,0,0,0,2010
Anthony Fasano,MIA,15,39,60,528,35.2,13.5,31,5.4,29,4,0,0,0,NA,0,0,0,2010
Joel Dreessen,HOU,16,36,55,518,32.4,14.4,43,5.6,24,4,0,0,0,NA,0,1,1,2010
Heath Miller,PIT,14,42,67,512,36.6,12.2,36,5.8,24,2,0,0,0,NA,0,1,1,2010
Brent Celek,PHI,16,42,80,511,31.9,12.2,65,5.8,23,4,0,0,0,NA,0,0,0,2010
Jermaine Gresham,CIN,15,52,83,471,31.4,9.1,27,6.9,26,4,0,0,0,NA,0,2,1,2010
Owen Daniels,HOU,11,38,68,471,42.8,12.4,31,7.6,25,2,0,0,0,NA,0,0,0,2010
Jeremy Shockey,NOR,13,41,59,408,31.4,10,31,3.1,22,3,0,0,0,NA,0,0,0,2010
Greg Olsen,CHI,16,41,69,404,25.3,9.9,39,4.2,22,5,0,0,0,NA,0,2,1,2010
Daniel Fells,STL,16,41,65,391,24.4,9.5,36,6.6,24,2,0,0,0,NA,0,0,0,2010
Tony Scheffler,DET,15,45,72,378,25.2,8.4,25,3.7,24,1,0,0,0,NA,0,1,1,2010
Jared Cook,TEN,16,29,45,361,22.6,12.4,36,5.6,18,1,0,0,0,NA,0,0,0,2010
Jimmy Graham,NOR,15,31,44,356,23.7,11.5,52,4.8,21,5,1,3,0.2,3,0,1,0,2010
Dallas Clark,IND,6,37,53,347,57.8,9.4,50,3.7,21,3,0,0,0,NA,0,0,0,2010
Delanie Walker,SFO,14,29,45,331,23.6,11.4,38,6,13,0,3,18,1.3,6,0,1,1,2010
Evan Moore,CLE,12,16,26,322,26.8,20.1,49,6.1,11,1,0,0,0,NA,0,1,1,2010
Bo Scaife,TEN,14,36,52,318,22.7,8.8,30,3.3,17,4,0,0,0,NA,0,2,1,2010
John Carlson,SEA,15,31,58,318,21.2,10.3,37,4.4,12,1,0,0,0,NA,0,0,0,2010
Fred Davis,WAS,16,21,31,316,19.8,15,71,8.4,11,3,0,0,0,NA,0,0,0,2010
Jermichael Finley,GNB,5,21,26,301,60.2,14.3,34,5.1,12,1,0,0,0,NA,0,0,0,2010
Dante Rosario,CAR,16,32,58,264,16.5,8.3,26,4.3,15,0,1,-2,-0.1,-2,0,0,0,2010
Martellus Bennett,DAL,16,33,48,260,16.3,7.9,32,5.7,12,0,0,0,0,NA,0,1,0,2010
Andrew Quarless,GNB,13,21,33,238,18.3,11.3,23,5.6,13,1,0,0,0,NA,0,1,1,2010
Randy McMichael,SDG,16,20,27,221,13.8,11.1,28,4.9,15,2,0,0,0,NA,0,0,0,2010
David Thomas,NOR,13,30,46,219,16.8,7.3,22,4.4,11,2,0,0,0,NA,0,0,0,2010
Zach Miller,JAC,15,20,26,216,14.4,10.8,52,5.3,10,1,2,9,0.6,4.5,0,0,0,2010
John Gilmore,TAM,16,13,18,160,10,12.3,30,7.6,9,1,0,0,0,NA,0,0,0,2010
Ed Dickson,BAL,15,11,23,152,10.1,13.8,58,7,5,1,0,0,0,NA,0,0,0,2010
Jim Kleinsasser,MIN,16,17,21,148,9.3,8.7,20,4.8,6,0,0,0,0,NA,0,0,0,2010
Daniel Graham,DEN,16,18,37,148,9.3,8.2,28,2.6,5,0,0,0,0,NA,0,1,0,2010
Michael Hoomanawanui,STL,8,13,22,146,18.3,11.2,36,8.7,9,3,0,0,0,NA,0,0,0,2010
Billy Bajema,STL,13,14,24,145,11.2,10.4,26,5.3,8,2,0,0,0,NA,0,1,0,2010
Ben Patrick,ARI,15,15,18,123,8.2,8.2,21,4.2,5,0,0,0,0,NA,0,1,0,2010
Craig Stevens,TEN,15,11,23,122,8.1,11.1,28,7.3,6,2,0,0,0,NA,0,0,0,2010
Jeff King,CAR,16,19,32,121,7.6,6.4,16,1.7,8,2,0,0,0,NA,0,0,0,2010
Cameron Morrah,SEA,15,9,18,117,7.8,13,36,7.6,5,0,0,0,0,NA,0,0,0,2010
Chris Baker,SEA,16,9,19,116,7.3,12.9,44,5.4,4,1,0,0,0,NA,0,0,0,2010
Travis Beckum,NYG,16,13,18,116,7.3,8.9,29,3,7,2,0,0,0,NA,0,0,0,2010
Jonathan Stupar,BUF,16,12,13,111,6.9,9.3,35,7.8,4,0,0,0,0,NA,0,1,0,2010
James Casey,HOU,16,8,14,98,6.1,12.3,33,7.9,5,0,0,0,0,NA,0,0,0,2010
Justin Peelle,ATL,13,10,15,96,7.4,9.6,15,5.4,8,1,0,0,0,NA,0,0,0,2010
Maurice Stovall,TAM,12,7,9,81,6.8,11.6,38,9.9,4,1,0,0,0,NA,0,0,0,2010
Matt Spaeth,PIT,14,9,18,80,5.7,8.9,13,4.2,4,1,0,0,0,NA,0,0,0,2010
Brandon Myers,OAK,15,12,16,80,5.3,6.7,16,3.9,4,0,0,0,0,NA,0,0,0,2010
Leonard Pope,KAN,16,10,19,76,4.8,7.6,14,3.7,7,2,0,0,0,NA,0,0,0,2010
Kory Sperry,SDG,7,4,4,73,10.4,18.3,35,10.3,3,0,0,0,0,NA,0,0,0,2010
Donald Lee,GNB,15,11,12,73,4.9,6.6,17,4.8,6,3,0,0,0,NA,0,1,1,2010
Kris Wilson,SDG,14,6,9,73,5.2,12.2,37,9.8,2,0,0,0,0,NA,0,1,1,2010
Clay Harbor,PHI,9,9,15,72,8,8,24,2.2,3,1,0,0,0,NA,0,0,0,2010
Bear Pascoe,NYG,15,9,13,72,4.8,8,12,6.7,5,0,0,0,0,NA,0,0,0,2010
Dan Gronkowski,DEN,12,8,13,65,5.4,8.1,13,3.6,3,0,0,0,0,NA,0,0,0,2010
Tom Crabtree,GNB,16,4,7,61,3.8,15.3,33,8.3,2,0,0,0,0,NA,0,0,0,2010
Robert Royal,CLE,15,5,12,56,3.7,11.2,20,3.4,2,1,0,0,0,NA,0,0,0,2010
Alge Crumpler,NWE,16,6,10,52,3.3,8.7,27,5.8,4,2,0,0,0,NA,0,0,0,2010
Jim Dray,ARI,16,3,9,47,2.9,15.7,24,7.7,3,0,0,0,0,NA,0,0,0,2010
David Johnson,PIT,16,4,6,46,2.9,11.5,25,7.5,2,0,0,0,0,NA,0,0,0,2010
Mickey Shuler,MIA,6,2,5,44,7.3,22,28,7,2,0,0,0,0,NA,0,0,0,2010
David Martin,BUF,16,7,8,43,2.7,6.1,15,3.7,3,1,0,0,0,NA,0,0,0,2010
Brandon Manumaleuna,CHI,16,5,7,43,2.7,8.6,16,5.4,4,1,0,0,0,NA,0,0,0,2010
Jerramy Stevens,TAM,5,3,5,43,8.6,14.3,22,4.7,2,0,0,0,0,NA,0,0,0,2010
Reggie Kelly,CIN,16,10,13,42,2.6,4.2,9,2.9,0,0,0,0,0,NA,0,0,0,2010
Stephen Spach,ARI,15,7,17,40,2.7,5.7,14,3.1,3,0,0,0,0,NA,0,0,0,2010
Brody Eldridge,IND,14,5,9,39,2.8,7.8,10,3.6,1,0,0,0,0,NA,0,0,0,2010
Ryan Purvis,TAM,10,5,6,38,3.8,7.6,12,6.2,3,0,0,0,0,NA,0,0,0,2010
Will Heller,DET,16,4,5,37,2.3,9.3,13,8.8,1,1,0,0,0,NA,0,0,0,2010
Jake O'Connell,KAN,15,3,4,31,2.1,10.3,18,8.3,2,0,0,0,0,NA,0,0,0,2010
Jeff Dugan,MIN,16,4,5,30,1.9,7.5,10,6.3,3,0,2,2,0.1,1,0,0,0,2010
Chase Coffman,CIN,6,3,5,30,5,10,14,6.3,2,0,0,0,0,NA,0,0,0,2010
Michael Palmer,ATL,14,5,8,29,2.1,5.8,11,3.6,3,1,0,0,0,NA,0,0,0,2010
Nate Byham,SFO,14,5,7,27,1.9,5.4,9,5.4,0,0,0,0,0,NA,0,0,0,2010
Shawn Nelson,BUF,5,3,4,25,5,8.3,12,4.7,1,0,0,0,0,NA,0,1,1,2010
Zach Potter,JAC,13,3,8,24,1.8,8,10,4.3,1,0,0,0,0,NA,0,0,0,2010
Kellen Davis,CHI,16,1,2,19,1.2,19,19,4,1,1,0,0,0,NA,0,0,0,2010
Garrett Mills,PHI,7,2,3,19,2.7,9.5,14,0,1,0,0,0,0,NA,0,0,0,2010
Fendi Onobun,STL,3,2,4,15,5,7.5,8,3.5,1,0,0,0,0,NA,0,0,0,2010
Tory Humphrey,NOR,6,1,2,12,2,12,12,12,1,0,0,0,0,NA,0,0,0,2010
Gijon Robinson,IND,11,3,7,12,1.1,4,6,2.3,2,1,0,0,0,NA,0,0,0,2010
Desmond Clark,CHI,5,1,2,12,2.4,12,12,9,1,0,0,0,0,NA,0,0,0,2010
Logan Paulsen,WAS,10,2,2,10,1,5,9,4.5,1,1,0,0,0,NA,0,0,0,2010
Richard Quinn,DEN,14,1,2,9,0.6,9,9,11,0,0,0,0,0,NA,0,0,0,2010
Scott Chandler,BUF,4,1,3,8,0.6,8,8,5,0,0,0,0,0,NA,0,0,0,2010
Ben Hartsock,NYJ,16,1,3,7,0.4,7,7,1,1,0,0,0,0,NA,0,0,0,2010
Alex Smith,CLE,3,1,1,6,2,6,6,3,0,0,0,0,0,NA,0,0,0,2010
Ernest Wilford,JAC,2,1,2,3,1.5,3,3,0,0,0,0,0,0,NA,0,0,0,2010
Jeff Cumberland,NYJ,1,1,2,3,3,3,3,3,0,0,0,0,0,NA,0,0,0,2010
Dennis Pitta,BAL,11,1,5,1,0.1,1,1,0,0,0,0,0,0,NA,0,0,0,2010
Mike Leach,ARI,16,0,0,0,0,NA,0,NA,0,0,0,0,0,NA,0,0,0,2010
Brian Jennings,SFO,16,0,0,0,0,NA,0,NA,0,0,0,0,0,NA,0,0,0,2010
Joe Zelenka,ATL,16,0,0,0,0,NA,0,NA,0,0,0,0,0,NA,0,0,0,2010
Jeron Mastrud,MIA,8,0,1,0,0,NA,0,NA,0,0,0,0,0,NA,0,0,0,2010
Justin Snow,IND,16,0,0,0,0,NA,0,NA,0,0,0,0,0,NA,0,0,0,2010
J.P. Foschi,CIN,2,0,0,0,0,NA,0,NA,0,0,0,0,0,NA,0,0,0,2010
Martin Rucker,DAL,5,0,0,0,0,NA,0,NA,0,0,0,0,0,NA,0,0,0,2010
Gary Barnidge,CAR,16,0,9,0,0,NA,0,NA,0,0,0,0,0,NA,0,0,0,2010
Matthew Mulligan,NYJ,13,0,1,0,0,NA,0,NA,0,0,0,0,0,NA,0,0,0,2010
Daniel Coats,CIN,6,0,2,0,0,NA,0,NA,0,0,0,0,0,NA,0,0,0,2010
Derek Schouman,STL,3,0,0,0,0,NA,0,NA,0,0,0,0,0,NA,0,0,0,2010
Darcy Johnson,STL,4,0,2,0,0,NA,0,NA,0,0,0,0,0,NA,0,0,0,2010
Spencer Havner,DET,5,0,0,0,0,NA,0,NA,0,0,0,0,0,NA,0,0,0,2010
Colin Cloherty,SFO,2,0,0,0,0,NA,0,NA,0,0,0,0,0,NA,0,0,0,2010
 Rob Gronkowski,NWE,16,90,NA,1327,82.9,14.7,52,7.4,69,17,1,2,0.1,2,1,0,0,2011
 Jimmy Graham,NOR,16,99,NA,1310,81.9,13.2,59,4.9,74,11,0,0,0,NA,0,1,1,2011
 Jason Witten,DAL,16,79,NA,942,58.9,11.9,64,4.5,47,5,0,0,0,NA,0,1,0,2011
 Aaron Hernandez,NWE,14,79,NA,910,65,11.5,46,6.8,46,7,5,45,3.2,9,0,1,1,2011
 Tony Gonzalez,ATL,16,80,NA,875,54.7,10.9,30,3.2,53,7,0,0,0,NA,0,0,0,2011
 Dustin Keller,NYJ,16,65,NA,815,50.9,12.5,41,5,39,5,0,0,0,NA,0,1,1,2011
 Brent Celek,PHI,16,62,NA,811,50.7,13.1,73,8.1,35,5,0,0,0,NA,0,0,0,2011
 Fred Davis,WAS,12,59,NA,796,66.3,13.5,42,6.1,39,3,0,0,0,NA,0,1,1,2011
 Vernon Davis,SFO,16,67,NA,792,49.5,11.8,44,5.2,33,6,2,-5,-0.3,-2.5,0,3,1,2011
 Antonio Gates,SDG,13,64,NA,778,59.8,12.2,38,4.3,45,7,0,0,0,NA,0,0,0,2011
 Brandon Pettigrew,DET,16,83,NA,777,48.6,9.4,27,4.1,37,5,0,0,0,NA,0,0,0,2011
 Jermichael Finley,GNB,16,55,NA,767,47.9,13.9,41,4.5,44,8,0,0,0,NA,0,0,0,2011
 Kellen Winslow,TAM,16,75,NA,763,47.7,10.2,37,3.5,40,2,0,0,0,NA,0,2,1,2011
 Jared Cook,TEN,16,49,NA,759,47.4,15.5,80,6.8,34,3,0,0,0,NA,0,2,2,2011
 Owen Daniels,HOU,15,54,NA,677,45.1,12.5,34,5.8,41,3,0,0,0,NA,0,0,0,2011
 Heath Miller,PIT,16,51,NA,631,39.4,12.4,39,5.3,36,2,1,6,0.4,6,0,1,1,2011
 Jake Ballard,NYG,14,38,NA,604,43.1,15.9,41,5.2,31,4,0,0,0,NA,0,0,0,2011
 Jermaine Gresham,CIN,14,56,NA,596,42.6,10.6,31,3.6,31,6,0,0,0,NA,0,1,1,2011
 Greg Olsen,CAR,16,45,NA,540,33.8,12,44,4.7,27,5,0,0,0,NA,0,1,1,2011
 Ed Dickson,BAL,16,54,NA,528,33,9.8,25,3.4,30,5,0,0,0,NA,0,0,0,2011
 Marcedes Lewis,JAC,15,39,NA,460,30.7,11.8,62,4.3,22,0,0,0,0,NA,0,0,0,2011
 Jeremy Shockey,CAR,15,37,NA,455,30.3,12.3,29,5,24,4,0,0,0,NA,0,2,1,2011
 Anthony Fasano,MIA,15,32,NA,451,30.1,14.1,35,3.5,25,5,0,0,0,NA,0,0,0,2011
 Benjamin Watson,CLE,13,37,NA,410,31.5,11.1,34,5.5,21,2,0,0,0,NA,0,0,0,2011
 Visanthe Shiancoe,MIN,16,36,NA,409,25.6,11.4,37,4.3,26,3,0,0,0,NA,0,0,0,2011
 Dennis Pitta,BAL,16,40,NA,405,25.3,10.1,39,5,28,3,0,0,0,NA,0,0,0,2011
 Scott Chandler,BUF,14,38,NA,389,27.8,10.2,31,4.4,25,6,0,0,0,NA,0,1,1,2011
 Kevin Boss,OAK,14,28,NA,368,26.3,13.1,35,5,18,3,0,0,0,NA,0,0,0,2011
 Joel Dreessen,HOU,16,28,NA,353,22.1,12.6,56,6,17,6,0,0,0,NA,0,0,0,2011
 Dallas Clark,IND,11,34,NA,352,32,10.4,21,4.9,22,2,0,0,0,NA,0,1,1,2011
 Lance Kendricks,STL,15,28,NA,352,23.5,12.6,45,6.5,15,0,1,-8,-0.5,-8,0,1,1,2011
 Tony Scheffler,DET,15,26,NA,347,23.1,13.3,36,3.1,20,6,1,5,0.3,5,0,1,0,2011
 Evan Moore,CLE,16,34,NA,324,20.3,9.5,33,2.8,19,4,0,0,0,NA,0,0,0,2011
 Todd Heap,ARI,10,24,NA,283,28.3,11.8,28,4.8,9,1,0,0,0,NA,0,0,0,2011
 Randy McMichael,SDG,16,30,NA,271,16.9,9,30,6.6,12,0,0,0,0,NA,0,0,0,2011
 Jeff King,ARI,16,27,NA,271,16.9,10,48,5.1,13,3,0,0,0,NA,0,0,0,2011
 Daniel Fells,DEN,16,19,NA,256,16,13.5,32,5,13,3,0,0,0,NA,0,2,1,2011
 Kyle Rudolph,MIN,15,26,NA,249,16.6,9.6,41,3.9,14,3,0,0,0,NA,0,0,0,2011
 Leonard Pope,KAN,16,24,NA,247,15.4,10.3,39,5.3,12,1,0,0,0,NA,0,0,0,2011
 Zach Miller,SEA,15,25,NA,233,15.5,9.3,28,3.4,10,0,0,0,0,NA,0,0,0,2011
 Kellen Davis,CHI,16,18,NA,206,12.9,11.4,32,4.1,13,5,0,0,0,NA,0,0,0,2011
 Delanie Walker,SFO,15,19,NA,198,13.2,10.4,29,3.6,9,3,3,5,0.3,1.7,0,0,0,2011
 Jacob Tamme,IND,16,19,NA,177,11.1,9.3,29,4.8,10,1,0,0,0,NA,0,0,0,2011
 Craig Stevens,TEN,15,9,NA,166,11.1,18.4,58,9,6,1,0,0,0,NA,0,0,0,2011
 Clay Harbor,PHI,16,13,NA,163,10.2,12.5,27,3.6,8,1,0,0,0,NA,0,0,0,2011
 Brandon Myers,OAK,16,16,NA,151,9.4,9.4,24,3.9,8,0,0,0,0,NA,0,0,0,2011
 Anthony McCoy,SEA,16,13,NA,146,9.1,11.2,31,5.6,7,0,0,0,0,NA,0,0,0,2011
 Martellus Bennett,DAL,14,17,NA,144,10.3,8.5,15,6,7,0,0,0,0,NA,0,0,0,2011
 Logan Paulsen,WAS,16,11,NA,138,8.6,12.5,24,5.6,7,0,0,0,0,NA,0,0,0,2011
 Bear Pascoe,NYG,16,12,NA,136,8.5,11.3,22,7.9,7,0,0,0,0,NA,0,0,0,2011
 Rob Housler,ARI,12,12,NA,133,11.1,11.1,21,4.8,5,0,0,0,0,NA,0,1,1,2011
 Alex Smith,CLE,14,14,NA,131,9.4,9.4,20,4.1,9,1,0,0,0,NA,0,0,0,2011
 Dante Rosario,DEN,14,7,NA,117,7.3,16.7,32,4.9,4,0,0,0,0,NA,0,0,0,2011
 Donald Lee,CIN,9,11,NA,115,12.8,10.5,26,6.5,5,0,0,0,0,NA,0,0,0,2011
 John Phillips,DAL,16,15,NA,101,6.3,6.7,12,6.5,4,1,0,0,0,NA,0,0,0,2011
 Travis Beckum,NYG,13,5,NA,93,7.2,18.6,67,8.4,2,1,0,0,0,NA,0,0,0,2011
 Luke Stocker,TAM,14,12,NA,92,6.6,7.7,24,3.9,5,0,0,0,0,NA,0,0,0,2011
 Michael Hoomanawanui,STL,8,7,NA,83,10.4,11.9,27,8.9,4,0,0,0,0,NA,0,0,0,2011
 Cameron Morrah,SEA,9,6,NA,74,8.2,12.3,21,6.5,4,0,1,1,0.1,1,0,0,0,2011
 Michael Palmer,ATL,16,10,NA,72,4.5,7.2,11,5.1,3,1,0,0,0,NA,0,0,0,2011
 Billy Bajema,STL,16,9,NA,71,4.4,7.9,19,2.1,2,0,0,0,0,NA,0,0,0,2011
 Chris Cooley,WAS,5,8,NA,65,13,8.1,17,5.4,3,0,2,3,0.6,1.5,0,0,0,2011
 Matthew Mulligan,NYJ,16,5,NA,58,3.6,11.6,41,7.8,1,0,0,0,0,NA,0,0,0,2011
 Colin Cloherty,JAC,4,4,NA,57,14.3,14.3,21,8.5,3,0,0,0,0,NA,0,0,0,2011
 Jake O'Connell,KAN,8,7,NA,52,6.5,7.4,15,3,4,0,0,0,0,NA,0,0,0,2011
 Zach Potter,JAC,15,5,NA,50,3.3,10,22,7.8,1,0,0,0,0,NA,0,0,0,2011
 Matt Spaeth,CHI,15,7,NA,50,3.3,7.1,13,3,4,2,0,0,0,NA,0,0,0,2011
 Brody Eldridge,IND,13,9,NA,45,3.5,5,8,1.8,2,0,0,0,0,NA,0,0,0,2011
 Colin Cochart,CIN,10,5,NA,44,4.4,8.8,25,4.6,3,1,0,0,0,NA,0,0,0,2011
 Zach Miller,JAC,4,4,NA,42,10.5,10.5,14,4,2,1,0,0,0,NA,0,0,0,2011
 Will Heller,DET,16,6,NA,42,2.6,7,12,3.8,3,0,0,0,0,NA,0,0,0,2011
 Mike Caussin,BUF,6,5,NA,41,6.8,8.2,13,2.2,2,0,0,0,0,NA,0,0,0,2011
 Zack Pianalto,TAM,13,4,NA,40,3.1,10,15,3.3,2,0,0,0,0,NA,0,0,0,2011
 Tom Crabtree,GNB,16,6,NA,38,2.4,6.3,15,3.3,4,1,0,0,0,NA,0,0,0,2011
 Andrew Quarless,GNB,10,3,NA,36,3.6,12,21,6,3,0,0,0,0,NA,0,0,0,2011
 Jeff Cumberland,NYJ,3,2,NA,35,11.7,17.5,33,8,1,0,0,0,0,NA,0,0,0,2011
 Jordan Cameron,CLE,8,6,NA,33,4.1,5.5,15,2.2,1,0,0,0,0,NA,0,0,0,2011
 Kory Sperry,SDG,16,1,NA,32,2,32,32,18,1,0,0,0,0,NA,0,0,0,2011
 Weslye Saunders,PIT,16,4,NA,29,1.8,7.3,14,1.8,3,1,0,0,0,NA,0,0,0,2011
 Kevin Brock,BUF,2,2,NA,27,13.5,13.5,21,17.5,2,0,0,0,0,NA,0,0,0,2011
 Josh Baker,NYJ,11,3,NA,27,2.5,9,17,4.7,2,1,0,0,0,NA,0,0,0,2011
 Anthony Becht,KAN,9,3,NA,26,2.9,8.7,16,3.3,2,0,0,0,0,NA,0,0,0,2011
 Jim Dray,ARI,10,2,NA,25,2.5,12.5,20,1.5,1,0,0,0,0,NA,0,0,0,2011
 Daniel Graham,TEN,16,2,NA,25,1.6,12.5,21,3,2,1,0,0,0,NA,0,0,0,2011
 Niles Paul,WAS,13,2,NA,25,1.9,12.5,14,0.5,2,0,1,7,0.5,7,0,0,0,2011
 Virgil Green,DEN,15,3,NA,24,1.6,8,9,3.7,2,0,0,0,0,NA,0,0,0,2011
 Garrett Graham,HOU,7,1,NA,24,3.4,24,24,8,1,0,0,0,0,NA,0,0,0,2011
 John Gilmore,NOR,14,3,NA,20,1.4,6.7,9,3.7,1,1,0,0,0,NA,0,0,0,2011
 Justin Peelle,SFO,14,1,NA,19,1.4,19,19,6,1,0,0,0,0,NA,0,0,0,2011
 David Thomas,NOR,5,5,NA,16,3.2,3.2,8,2.8,0,0,0,0,0,NA,0,0,0,2011
 David Ausberry,OAK,12,2,NA,14,1.2,7,10,0.5,2,0,1,-2,-0.2,-2,0,0,0,2011
 Richie Brockel,CAR,11,3,NA,13,1.2,4.3,5,3.3,1,0,3,12,1.1,4,1,0,0,2011
 D.J. Williams,GNB,13,2,NA,13,1,6.5,7,2,0,0,0,0,0,NA,0,0,0,2011
 Lee Smith,BUF,10,4,NA,11,1.1,2.8,6,1,0,0,0,0,0,NA,0,0,0,2011
 Anthony Hill,IND,7,2,NA,10,1.4,5,5,3,0,0,0,0,0,NA,0,0,0,2011
 Jeron Mastrud,MIA,14,1,NA,8,0.6,8,8,3,1,0,0,0,0,NA,0,0,0,2011
 Reggie Kelly,ATL,16,1,NA,7,0.4,7,7,6,0,0,0,0,0,NA,0,0,0,2011
 Julius Thomas,DEN,5,1,NA,5,1,5,5,7,0,0,0,0,0,NA,0,0,0,2011
 Allen Reisner,MIN,6,1,NA,5,0.8,5,5,2,1,0,0,0,0,NA,0,0,0,2011
 Ryan Taylor,GNB,15,1,NA,4,0.3,4,4,0,1,1,0,0,0,NA,0,0,0,2011
 Jim Kleinsasser,MIN,16,1,NA,4,0.3,4,4,3,0,0,0,0,0,NA,0,0,0,2011
 Michael Higgins,NOR,2,1,NA,4,2,4,4,2,0,0,0,0,0,NA,0,0,0,2011
 Stephen Spach,STL,10,2,NA,2,0.2,1,3,0,0,0,0,0,0,NA,0,0,0,2011
 Richard Gordon,OAK,14,1,NA,2,0.1,2,2,7,0,0,0,0,0,NA,0,0,0,2011
 Steve Maneri,KAN,6,1,NA,1,0.2,1,1,2,0,0,0,0,0,NA,0,0,0,2011
 Collin Franklin,TAM,2,0,NA,0,0,NA,0,NA,0,0,0,0,0,NA,0,0,0,2011
 Kris Wilson,BAL,15,0,NA,0,0,NA,0,NA,0,0,0,0,0,NA,0,0,0,2011
 Dominique Byrd,SEA,1,0,NA,0,0,NA,0,NA,0,0,0,0,0,NA,0,0,0,2011
 Martin Rucker,DAL,1,0,NA,0,0,NA,0,NA,0,0,0,0,0,NA,0,0,0,2011
 Mike Leach,ARI,16,0,NA,0,0,NA,0,NA,0,0,0,0,0,NA,0,0,0,2011
 Justin Snow,IND,16,0,NA,0,0,NA,0,NA,0,0,0,0,0,NA,0,0,0,2011
 Richard Quinn,WAS,1,0,NA,0,0,NA,0,NA,0,0,0,0,0,NA,0,0,0,2011
 Dan Gronkowski,CLE,1,0,NA,0,0,NA,0,NA,0,0,0,0,0,NA,0,0,0,2011
 Fendi Onobun,JAC,1,0,NA,0,0,NA,0,NA,0,0,0,0,0,NA,0,0,0,2011
 Brian Jennings,SFO,16,0,NA,0,0,NA,0,NA,0,0,0,0,0,NA,0,0,0,2011
 Ben Hartsock,CAR,15,0,NA,0,0,NA,0,NA,0,0,0,0,0,NA,0,0,0,2011
 Joe Zelenka,ATL,16,0,NA,0,0,NA,0,NA,0,0,0,0,0,NA,0,0,0,2011
 David Martin,BUF,3,0,NA,0,0,NA,0,NA,0,0,0,0,0,NA,0,0,0,2011
Jason Whiten,DAL,16,110,148,1039,64.9,9.4,36,2.8,56,3,0,0,0,NA,0,0,0,2012
Jimmy Graham,NOR,15,85,135,982,65.5,11.6,46,3.9,59,9,0,0,0,NA,0,1,0,2012
Tony Gonzalez,ATL,16,93,124,930,58.1,10,25,2.8,65,8,0,0,0,NA,0,0,0,2012
Greg Olsen,CAR,16,69,104,843,52.7,12.2,47,3.9,42,5,0,0,0,NA,0,0,0,2012
Heath Miller,PIT,15,71,101,816,54.4,11.5,43,5.2,44,8,0,0,0,NA,0,1,0,2012
Brandon Myers,OAK,16,79,105,806,50.4,10.2,29,3.8,41,4,0,0,0,NA,0,0,0,2012
Rob Gronkowski,NWE,11,55,80,790,71.8,14.4,41,5.7,45,11,0,0,0,NA,0,1,1,2012
Jermaine Gresham,CIN,16,64,94,737,46.1,11.5,55,6.9,33,5,0,0,0,NA,0,2,1,2012
Owen Daniels,HOU,15,62,104,716,47.7,11.5,39,5.5,37,6,0,0,0,NA,0,0,0,2012
Brent Celek,PHI,15,57,88,684,45.6,12,34,6,32,1,0,0,0,NA,0,1,1,2012
Dennis Pitta,BAL,16,61,94,669,41.8,11,61,4.7,29,7,0,0,0,NA,0,0,0,2012
Jermichael Finley,GNB,16,61,87,667,41.7,10.9,40,5,31,2,0,0,0,NA,0,1,1,2012
Martellus Bennett,NYG,16,55,90,626,39.1,11.4,33,3.8,35,5,0,0,0,NA,0,0,0,2012
Scott Chandler,BUF,15,43,74,571,38.1,13.3,43,4.7,36,6,0,0,0,NA,0,2,1,2012
Brandon Pettigrew,DET,14,59,102,567,40.5,9.6,24,4.3,33,3,0,0,0,NA,0,4,2,2012
Jacob Tamme,DEN,16,52,85,555,34.7,10.7,36,4.2,29,2,0,0,0,NA,0,0,0,2012
Vernon Davis,SFO,16,41,61,548,34.3,13.4,53,4.2,26,5,0,0,0,NA,0,0,0,2012
Marcedes Lewis,JAC,16,52,77,540,33.8,10.4,26,5.1,25,4,0,0,0,NA,0,0,0,2012
Antonio Gates,SDG,15,49,80,538,35.9,11,34,3,30,7,0,0,0,NA,0,0,0,2012
Jared Cook,TEN,13,44,72,523,40.2,11.9,61,4,24,4,0,0,0,NA,0,1,1,2012
Dwayne Allen,IND,16,45,66,521,32.6,11.6,40,5.6,30,3,3,5,0.3,1.7,0,1,0,2012
Lance Kendricks,STL,16,42,64,519,32.4,12.4,80,5.8,25,4,0,0,0,NA,0,1,0,2012
Tony Scheffler,DET,15,42,85,504,33.6,12,57,3.1,28,1,0,0,0,NA,0,0,0,2012
Benjamin Watson,CLE,16,49,82,501,31.3,10.2,27,4.6,27,3,0,0,0,NA,0,1,0,2012
Kyle Rudolph,MIN,16,53,93,493,30.8,9.3,29,5.6,34,9,0,0,0,NA,0,0,0,2012
Aaron Hernandez,NWE,10,51,83,483,48.3,9.5,31,4.6,27,5,1,5,0.5,5,0,0,0,2012
Tony Moeaki,KAN,15,33,56,453,30.2,13.7,38,4.5,24,1,0,0,0,NA,0,0,0,2012
Dallas Clark,TAM,16,47,75,435,27.2,9.3,33,2.5,23,4,0,0,0,NA,0,0,0,2012
Rob Housler,ARI,15,45,68,417,27.8,9.3,33,4.3,17,0,0,0,0,NA,0,0,0,2012
Zach Miller,SEA,16,38,53,396,24.8,10.4,30,3.7,18,3,0,0,0,NA,0,1,1,2012
Jeff Cumberland,NYJ,15,29,53,359,23.9,12.4,39,4.1,18,3,0,0,0,NA,0,0,0,2012
Joel Dreessen,DEN,16,41,58,356,22.3,8.7,30,3.9,19,5,0,0,0,NA,0,0,0,2012
Delanie Walker,SFO,16,21,39,344,21.5,16.4,45,2.7,14,3,0,0,0,NA,0,1,1,2012
Anthony Fasano,MIA,16,41,68,332,20.8,8.1,22,2.4,18,5,0,0,0,NA,0,0,0,2012
Fred Davis,WAS,7,24,32,325,46.4,13.5,29,5.9,17,0,1,1,0.1,1,0,0,0,2012
Dustin Keller,NYJ,8,28,36,317,39.6,11.3,32,3.2,18,2,0,0,0,NA,0,0,0,2012
Logan Paulsen,WAS,16,25,37,308,19.3,12.3,31,4.5,17,1,0,0,0,NA,0,0,0,2012
Anthony McCoy,SEA,16,18,28,291,18.2,16.2,67,8.4,13,3,0,0,0,NA,0,0,0,2012
Coby Fleener,IND,12,26,48,281,23.4,10.8,26,4.3,14,2,0,0,0,NA,0,0,0,2012
Craig Stevens,TEN,15,23,33,275,18.3,12,46,6,14,1,0,0,0,NA,0,2,0,2012
Garrett Graham,HOU,15,28,39,263,17.5,9.4,30,4.6,16,3,0,0,0,NA,0,0,0,2012
Kellen Davis,CHI,16,19,44,229,14.3,12.1,25,4,11,2,0,0,0,NA,0,1,1,2012
Jordan Cameron,CLE,14,20,40,226,16.1,11.3,28,5.5,12,1,0,0,0,NA,0,0,0,2012
Ed Dickson,BAL,13,21,33,225,17.3,10.7,40,4.2,10,0,0,0,0,NA,0,0,0,2012
Charles Clay,MIA,14,18,33,212,15.1,11.8,31,4.8,8,2,0,0,0,NA,0,0,0,2012
Tom Crabtree,GNB,14,8,12,203,14.5,25.4,72,19.8,6,3,0,0,0,NA,0,0,0,2012
Clay Harbor,PHI,14,25,39,186,13.3,7.4,19,3.4,8,2,0,0,0,NA,0,1,1,2012
Luke Stocker,TAM,16,16,27,165,10.3,10.3,33,6.1,8,1,0,0,0,NA,0,0,0,2012
Niles Paul,WAS,16,8,15,152,9.5,19,37,8,5,1,1,-1,-0.1,-1,0,0,0,2012
Will Heller,DET,16,17,23,150,9.4,8.8,19,5.3,9,1,0,0,0,NA,0,0,0,2012
Jeff King,ARI,16,17,29,129,8.1,7.6,27,3.6,6,0,0,0,0,NA,0,0,0,2012
Michael Hoomanawanui,NWE,14,5,7,109,7.8,21.8,41,9.8,4,0,0,0,0,NA,0,0,0,2012
Orson Charles,CIN,16,8,10,101,6.3,12.6,25,6.3,5,0,0,0,0,NA,0,0,0,2012
Dante Rosario,SDG,13,10,18,95,7.3,9.5,18,3.8,6,3,0,0,0,NA,0,1,1,2012
Todd Heap,ARI,2,8,13,94,47,11.8,28,4.5,5,0,0,0,0,NA,0,0,0,2012
David Ausberry,OAK,16,7,12,92,5.8,13.1,31,7.4,5,0,0,0,0,NA,0,0,0,2012
James Hanna,DAL,16,8,11,86,5.4,10.8,29,6.3,4,0,0,0,0,NA,0,0,0,2012
David Thomas,NOR,15,11,17,86,5.7,7.8,20,3.9,6,4,0,0,0,NA,0,0,0,2012
Daniel Fells,NWE,13,4,9,85,6.5,21.3,35,9.3,3,0,0,0,0,NA,0,0,0,2012
Matthew Mulligan,STL,16,8,12,84,5.3,10.5,18,4.6,6,1,0,0,0,NA,0,0,0,2012
Konrad Reuland,NYJ,16,11,16,83,5.2,7.5,18,4.9,6,0,0,0,0,NA,0,0,0,2012
Gary Barnidge,CAR,16,6,6,78,4.9,13,24,7.8,3,1,0,0,0,NA,0,0,0,2012
Kevin Boss,KAN,2,3,3,65,32.5,21.7,29,2.3,3,1,0,0,0,NA,0,0,0,2012
Virgil Green,DEN,12,5,6,63,5.3,12.6,28,11.6,4,0,0,0,0,NA,0,0,0,2012
D.J. Williams,GNB,13,7,15,57,4.4,8.1,12,5.6,3,0,0,0,0,NA,0,0,0,2012
Ladarius Green,SDG,4,4,4,56,14,14,31,10.8,1,0,0,0,0,NA,0,0,0,2012
John Phillips,DAL,16,8,10,55,3.4,6.9,19,1.3,3,1,0,0,0,NA,0,0,0,2012
Garrett Celek,SFO,13,4,7,51,3.9,12.8,35,6,2,0,0,0,0,NA,0,0,0,2012
David Paulson,PIT,16,7,11,51,3.2,7.3,9,3.6,0,0,0,0,0,NA,0,1,0,2012
Steve Maneri,KAN,13,5,12,51,3.9,10.2,19,6.4,3,0,0,0,0,NA,0,0,0,2012
Randy McMichael,SDG,16,9,13,51,3.2,5.7,13,6.4,3,0,0,0,0,NA,0,1,0,2012
Alex Smith,CLE,12,13,18,47,3.9,3.6,17,3.9,2,0,0,0,0,NA,0,0,0,2012
Taylor Thompson,TEN,16,6,13,46,2.9,7.7,12,2.2,0,0,0,0,0,NA,0,0,0,2012
John Carlson,MIN,14,8,14,43,3.1,5.4,14,2.8,4,0,0,0,0,NA,0,0,0,2012
Kyle Adams,CHI,15,4,8,40,2.7,10,17,2,2,0,0,0,0,NA,0,0,0,2012
Bear Pascoe,NYG,15,4,9,35,2.3,8.8,16,5,2,1,0,0,0,NA,0,0,0,2012
Mike McNeill,STL,14,4,7,31,2.2,7.8,10,3.8,1,0,0,0,0,NA,0,0,0,2012
Ben Hartsock,CAR,15,2,3,30,2,15,25,13.5,1,0,0,0,0,NA,0,0,0,2012
Matt Spaeth,CHI,16,6,10,28,1.8,4.7,13,2.8,2,1,0,0,0,NA,0,0,0,2012
Michael Palmer,ATL,13,6,6,22,1.7,3.7,6,2.8,2,1,0,0,0,NA,0,0,0,2012
Cory Harkey,STL,5,1,2,21,4.2,21,21,7,1,0,0,0,0,NA,0,0,0,2012
Jake O'Connell,KAN,8,3,3,18,2.3,6,11,4.7,1,0,0,0,0,NA,0,0,0,2012
Nate Byham,TAM,11,3,4,18,1.6,6,10,2.7,2,1,0,0,0,NA,0,0,0,2012
Hayden Smith,NYJ,5,1,1,16,3.2,16,16,19,1,0,0,0,0,NA,0,0,0,2012
Weslye Saunders,IND,11,2,4,15,1.4,7.5,11,1.5,1,0,0,0,0,NA,0,0,0,2012
Jim Dray,ARI,13,2,2,15,1.2,7.5,12,1,1,0,0,0,0,NA,0,0,0,2012
Allen Reisner,MIN,4,1,2,13,3.3,13,13,2,1,0,0,0,0,NA,0,0,0,2012
Lee Smith,BUF,16,4,4,13,0.8,3.3,5,1.3,3,2,0,0,0,NA,0,0,0,2012
Kellen Winslow,NWE,1,1,2,12,12,12,12,3,1,0,0,0,0,NA,0,0,0,2012
Ryan Taylor,GNB,16,1,1,11,0.7,11,11,6,1,0,0,0,0,NA,0,0,0,2012
Chase Coffman,ATL,5,1,1,11,2.2,11,11,0,1,0,0,0,0,NA,0,0,0,2012
Dedrick Epps,NYJ,3,1,1,9,3,9,9,2,0,0,0,0,0,NA,0,1,1,2012
Leonard Pope,PIT,16,3,4,9,0.6,3,7,2.7,2,2,0,0,0,NA,0,0,0,2012
Richard Gordon,OAK,13,2,7,9,0.7,4.5,8,3,1,1,0,0,0,NA,0,0,0,2012
Chris Cooley,WAS,8,1,3,8,1,8,8,7,1,0,0,0,0,NA,0,0,0,2012
Dominique Jones,IND,4,1,1,8,2,8,8,6,0,0,0,0,0,NA,0,0,0,2012
Tommy Gallarda,ATL,9,1,4,7,0.8,7,7,1,0,0,0,0,0,NA,0,0,0,2012
Evan Moore,PHI,1,1,8,6,0.4,6,6,8,1,0,0,0,0,NA,0,0,0,2012
Zach Potter,JAC,16,2,7,6,0.4,3,4,2,0,0,0,0,0,NA,0,0,0,2012
Brad Smelley,CLE,2,1,1,3,1.5,3,3,0,0,0,0,0,0,NA,0,0,0,2012
Mike Leach,ARI,16,0,0,0,0,NA,0,NA,0,0,0,0,0,NA,0,0,0,2012
Daniel Graham,NOR,6,0,0,0,0,NA,0,NA,0,0,0,0,0,NA,0,0,0,2012
Jeron Mastrud,MIA,14,0,0,0,0,NA,0,NA,0,0,0,0,0,NA,0,0,0,2012
Brian Jennings,SFO,16,0,0,0,0,NA,0,NA,0,0,0,0,0,NA,0,0,0,2012
Justin Snow,WAS,8,0,0,0,0,NA,0,NA,0,0,0,0,0,NA,0,0,0,2012
Visanthe Shiancoe,NWE,4,0,1,0,0,NA,0,NA,0,0,0,0,0,NA,0,0,0,2012
Julius Thomas,DEN,4,0,0,0,0,NA,0,NA,0,0,0,0,0,NA,0,0,0,2012
Colin Cloherty,JAC,1,0,0,0,0,NA,0,NA,0,0,0,0,0,NA,0,0,0,2012
Maurice Stovall,JAC,10,0,0,0,0,NA,0,NA,0,0,0,0,0,NA,0,0,0,2012
Travis Beckum,NYG,4,0,1,0,0,NA,0,NA,0,0,0,0,0,NA,0,0,0,2012
Stephen Spach,JAC,1,0,0,0,0,NA,0,NA,0,0,0,0,0,NA,0,0,0,2012
Billy Bajema,BAL,8,0,1,0,0,NA,0,NA,0,0,0,0,0,NA,0,0,0,2012
Richie Brockel,CAR,16,0,1,0,0,NA,0,NA,0,0,0,0,0,NA,0,0,0,2012
Michael Higgins,NOR,2,1,1,-3,-1.5,-3,-3,1,0,0,0,0,0,NA,0,0,0,2012
