Name,Team,G,Rec,Targets,Rec.Yds,Rec.YG,Rec.Avg,Lng,YAC,Rec.1stD,Rec.TD,KR,KR.Yds,KR.Avg,KR.Long,KR.TD,PR,PR.Yds,PR.Avg,PR.Long,PR.TD,Fum,FumL,year
Brandon Lloyd,DEN,16,77,153,1448,90.5,18.8,71,2.9,72,11,0,0,NA,0,0,0,0,NA,0,0,0,0,2010
Roddy White,ATL,16,115,179,1389,86.8,12.1,46,3.3,73,10,0,0,NA,0,0,0,0,NA,0,0,1,1,2010
Reggie Wayne,IND,16,111,176,1355,84.7,12.2,50,3.9,72,6,0,0,0,0,0,0,0,0,0,0,1,1,2010
Greg Jennings,GNB,16,76,124,1265,79.1,16.6,86,5.7,52,12,0,0,NA,0,0,0,0,NA,0,0,2,0,2010
Mike Wallace,PIT,16,60,99,1257,78.6,21,56,6.3,48,10,0,0,NA,0,0,0,0,NA,0,0,1,0,2010
Andre Johnson,HOU,13,86,138,1216,93.5,14.1,60,4,59,8,0,0,0,0,0,0,0,0,0,0,1,0,2010
Dwayne Bowe,KAN,16,72,133,1162,72.6,16.1,75,5.6,55,15,0,0,NA,0,0,0,0,NA,0,0,1,0,2010
Larry Fitzgerald,ARI,16,90,173,1137,71.1,12.6,41,2.5,59,6,0,0,0,0,0,0,0,0,0,0,0,0,2010
Calvin Johnson,DET,16,77,137,1120,70,14.5,87,4.6,57,12,0,0,0,0,0,0,0,0,0,0,1,0,2010
Santana Moss,WAS,16,93,145,1115,69.7,12,56,5.4,61,6,0,0,NA,0,0,0,0,NA,0,0,3,2,2010
Stevie Johnson,BUF,16,82,142,1073,67.1,13.1,45,5.1,61,10,0,0,NA,0,0,0,0,NA,0,0,1,1,2010
DeSean Jackson,PHI,14,47,96,1056,75.4,22.5,91,7.7,33,6,0,0,NA,0,0,20,231,11.6,65,1,2,1,2010
Hakeem Nicks,NYG,13,79,128,1052,80.9,13.3,46,3.9,55,11,1,14,14,14,0,0,0,NA,0,0,1,0,2010
Miles Austin,DAL,16,69,119,1041,65.1,15.1,69,6.4,50,7,0,0,NA,0,0,0,0,NA,0,0,1,1,2010
Marques Colston,NOR,15,84,132,1023,68.2,12.2,43,3.4,57,7,0,0,NA,0,0,0,0,NA,0,0,0,0,2010
Brandon Marshall,MIA,14,86,145,1014,72.4,11.8,46,2.8,57,3,0,0,NA,0,0,0,0,NA,0,0,2,1,2010
Terrell Owens,CIN,14,72,139,983,70.2,13.7,78,4,47,9,0,0,NA,0,0,0,0,NA,0,0,0,0,2010
Jeremy Maclin,PHI,16,70,115,964,60.3,13.8,83,4,45,10,1,22,22,22,0,3,17,5.7,9,0,1,1,2010
Mike Williams,TAM,16,65,129,964,60.3,14.8,58,5.3,44,11,0,0,0,0,0,0,0,0,0,0,3,2,2010
Johnny Knox,CHI,16,51,100,960,60,18.8,67,4.8,43,5,8,182,22.8,42,0,0,0,NA,0,0,1,1,2010
Mario Manningham,NYG,16,60,92,944,59,15.7,92,5.8,32,9,0,0,0,0,0,0,0,0,0,0,1,1,2010
Braylon Edwards,NYJ,16,53,101,904,56.5,17.1,74,5.7,40,7,0,0,0,0,0,0,0,0,0,0,1,1,2010
Jabar Gaffney,DEN,16,65,112,875,54.7,13.5,50,3.3,42,2,0,0,NA,0,0,0,0,NA,0,0,1,0,2010
Anthony Armstrong,WAS,15,44,86,871,58.1,19.8,76,4,32,3,0,0,0,0,0,0,0,0,0,0,1,1,2010
Percy Harvin,MIN,14,71,109,868,62,12.2,53,6.5,41,5,40,933,23.3,95,1,0,0,NA,0,0,0,0,2010
Wes Welker,NWE,15,86,123,848,56.5,9.9,35,5,47,7,0,0,NA,0,0,5,36,7.2,22,0,0,0,2010
Anquan Boldin,BAL,16,64,109,837,52.3,13.1,61,3.8,43,7,0,0,NA,0,0,0,0,NA,0,0,1,1,2010
Chad Johnson,CIN,14,67,126,831,59.4,12.4,42,2.9,47,4,0,0,0,0,0,0,0,0,0,0,1,0,2010
Mike Thomas,JAC,16,66,101,820,51.3,12.4,50,4.7,38,4,0,0,NA,0,0,34,358,10.5,78,1,0,0,2010
Davone Bess,MIA,16,79,125,820,51.3,10.4,29,4.2,43,5,0,0,NA,0,0,25,284,11.4,47,0,0,0,2010
Deion Branch,NWE,11,61,92,818,54.5,13.4,79,4.8,43,6,0,0,NA,0,0,0,0,NA,0,0,1,1,2010
Derrick Mason,BAL,16,61,100,802,50.1,13.1,42,2.2,44,7,0,0,NA,0,0,0,0,NA,0,0,0,0,2010
Pierre Garcon,IND,14,67,118,784,56,11.7,57,4,41,6,0,0,NA,0,0,0,0,NA,0,0,0,0,2010
Kenny Britt,TEN,12,42,73,775,64.6,18.5,80,3.1,33,9,0,0,NA,0,0,0,0,NA,0,0,1,1,2010
Lance Moore,NOR,16,66,95,763,47.7,11.6,80,4.3,40,8,0,0,NA,0,0,11,112,10.2,72,0,1,1,2010
Hines Ward,PIT,16,59,93,755,47.2,12.8,43,4.4,35,5,0,0,NA,0,0,0,0,NA,0,0,1,1,2010
Mike Williams,SEA,14,65,110,751,53.6,11.6,68,3.4,40,2,0,0,0,0,0,0,0,0,0,0,0,0,2010
Santonio Holmes,NYJ,12,52,95,746,62.2,14.3,52,4.7,36,6,0,0,NA,0,0,4,40,10,14,0,2,2,2010
Michael Crabtree,SFO,16,55,101,741,46.3,13.5,60,5.8,40,6,1,0,0,0,0,0,0,NA,0,0,0,0,2010
Steve Breaston,ARI,13,47,87,718,55.2,15.3,37,3.9,32,1,7,162,23.1,27,0,0,0,NA,0,0,0,0,2010
Malcom Floyd,SDG,11,37,77,717,65.2,19.4,55,3.3,33,6,0,0,0,0,0,0,0,0,0,0,1,0,2010
Joshua Morgan,SFO,16,44,80,698,43.6,15.9,65,6.8,27,2,2,19,9.5,13,0,0,0,NA,0,0,1,1,2010
Danny Amendola,STL,16,85,123,689,43.1,8.1,36,4.6,35,3,50,1142,22.8,84,0,40,452,11.3,42,0,1,1,2010
Nate Washington,TEN,16,42,94,687,42.9,16.4,71,3,34,6,0,0,0,0,0,0,0,0,0,0,0,0,2010
James Jones,GNB,16,50,87,679,42.4,13.6,66,6.1,33,5,0,0,0,0,0,0,0,0,0,0,3,1,2010
Austin Collie,IND,9,58,71,649,72.1,11.2,73,5.4,32,8,0,0,NA,0,0,0,0,NA,0,0,1,1,2010
Robert Meachem,NOR,16,44,66,638,39.9,14.5,55,3,27,5,0,0,NA,0,0,0,0,NA,0,0,1,0,2010
Eddie Royal,DEN,16,59,105,627,39.2,10.6,41,6.9,32,3,5,107,21.4,33,0,25,298,11.9,33,0,2,1,2010
Nate Burleson,DET,14,55,86,625,44.6,11.4,58,5.8,32,6,1,0,0,0,0,0,0,NA,0,0,2,2,2010
Kevin Walter,HOU,16,51,80,621,38.8,12.2,35,2.9,33,5,0,0,NA,0,0,0,0,NA,0,0,0,0,2010
Brandon Gibson,STL,14,53,91,620,44.3,11.7,41,4.4,33,2,0,0,0,0,0,0,0,0,0,0,0,0,2010
Brian Hartline,MIA,12,43,73,615,51.3,14.3,54,5.2,27,1,0,0,NA,0,0,0,0,NA,0,0,1,1,2010
Louis Murphy,OAK,14,41,78,609,43.5,14.9,70,5.6,27,2,0,0,0,0,0,0,0,0,0,0,2,1,2010
Jordan Shipley,CIN,15,52,74,600,40,11.5,64,4,30,3,0,0,0,0,0,0,0,0,0,0,0,0,2010
Jordy Nelson,GNB,16,45,64,582,36.4,12.9,80,5.9,25,2,22,496,22.5,51,0,0,0,NA,0,0,1,1,2010
Lee Evans,BUF,13,37,83,578,44.5,15.6,54,3.6,26,4,0,0,0,0,0,0,0,0,0,0,2,1,2010
Jason Avant,PHI,16,51,74,573,35.8,11.2,34,3.8,31,1,0,0,NA,0,0,0,0,NA,0,0,0,0,2010
Donald Driver,GNB,15,51,86,565,37.7,11.1,61,3.7,29,4,1,0,0,0,0,0,0,NA,0,0,1,1,2010
Mike Sims-Walker,JAC,14,43,80,562,40.1,13.1,39,3,33,7,0,0,0,0,0,0,0,0,0,0,1,1,2010
Jacoby Jones,HOU,15,51,78,562,37.5,11,47,4.7,31,3,23,494,21.5,35,0,29,204,7,39,0,1,0,2010
Dez Bryant,DAL,12,45,72,561,46.8,12.5,46,4.7,27,6,12,293,24.4,43,0,15,215,14.3,93,2,0,0,2010
Earl Bennett,CHI,14,46,70,561,40.1,12.2,48,4.8,27,3,0,0,NA,0,0,0,0,NA,0,0,1,0,2010
Steve Smith,CAR,14,46,99,554,39.6,12,39,4.9,24,2,0,0,NA,0,0,6,46,7.7,32,0,2,2,2010
Roy Williams,DAL,15,37,64,530,35.3,14.3,63,5.8,25,5,0,0,0,0,0,0,0,0,0,0,3,2,2010
Steve Smith,NYG,9,48,75,529,58.8,11,45,2.4,29,3,0,0,0,0,0,0,0,0,0,0,0,0,2010
Patrick Crayton,SDG,9,28,42,514,57.1,18.4,49,8.1,24,1,1,31,31,31,0,2,23,11.5,13,0,0,0,2010
David Gettis,CAR,15,37,67,508,33.9,13.7,88,4.7,24,3,9,159,17.7,28,0,0,0,NA,0,0,0,0,2010
Michael Jenkins,ATL,11,41,73,505,45.9,12.3,43,2.2,29,2,0,0,NA,0,0,0,0,NA,0,0,0,0,2010
Ben Obomanu,SEA,15,30,49,494,32.9,16.5,87,6.2,17,4,0,0,NA,0,0,0,0,NA,0,0,0,0,2010
Mohamed Massaquoi,CLE,15,36,74,483,32.2,13.4,41,4.2,24,2,0,0,0,0,0,0,0,0,0,0,1,1,2010
Devin Hester,CHI,16,40,73,475,29.7,11.9,39,5.8,23,4,12,427,35.6,79,0,33,564,17.1,89,3,0,0,2010
Jacoby Ford,OAK,16,25,54,470,29.4,18.8,52,5.2,19,2,53,1280,24.2,101,3,0,0,NA,0,0,0,0,2010
Brandon LaFell,CAR,14,38,77,468,33.4,12.3,44,3.9,23,1,0,0,0,0,0,0,0,0,0,0,0,0,2010
Devery Henderson,NOR,16,34,59,464,29,13.6,57,4.1,21,1,6,142,23.7,27,0,0,0,NA,0,0,0,0,2010
Jerricho Cotchery,NYJ,14,41,86,433,30.9,10.6,49,3,26,2,0,0,NA,0,0,8,66,8.3,19,0,0,0,2010
Brandon Tate,NWE,16,24,46,432,27,18,65,6.2,14,3,41,1057,25.8,103,2,1,4,4,4,0,1,1,2010
Roscoe Parrish,BUF,8,33,53,400,50,12.1,37,3.9,20,2,0,0,NA,0,0,12,131,10.9,33,0,1,0,2010
T.J. Houshmandzadeh,BAL,16,30,57,398,24.9,13.3,56,3,19,3,0,0,NA,0,0,0,0,NA,0,0,1,0,2010
Arrelious Benn,TAM,15,25,38,395,26.3,15.8,64,6.4,17,2,0,0,0,0,0,0,0,0,0,0,1,0,2010
Randy Moss,TEN,8,28,63,393,24.6,14,37,2.5,20,5,0,0,NA,0,0,0,0,NA,0,0,0,0,2010
Deon Butler,SEA,13,36,70,385,29.6,10.7,63,3.3,20,4,0,0,NA,0,0,0,0,NA,0,0,0,0,2010
Emmanuel Sanders,PIT,13,28,50,376,28.9,13.4,35,3,18,2,25,628,25.1,48,0,4,60,15,38,0,0,0,2010
Legedu Naanee,SDG,10,23,46,371,37.1,16.1,59,4.7,20,1,0,0,NA,0,0,0,0,NA,0,0,1,1,2010
Darrius Heyward-Bey,OAK,15,26,65,366,24.4,14.1,69,4.2,17,1,0,0,0,0,0,0,0,0,0,0,1,1,2010
Blair White,IND,13,36,57,355,27.3,9.9,33,2.2,24,5,0,0,NA,0,0,10,80,8,18,0,0,0,2010
Brandon Stokley,SEA,11,31,43,354,32.2,11.4,36,3.1,23,0,0,0,0,0,0,0,0,0,0,0,0,0,2010
David Nelson,BUF,15,31,47,353,23.5,11.4,37,2.7,19,3,0,0,0,0,0,0,0,0,0,0,0,0,2010
Chansi Stuckey,CLE,16,40,63,346,21.6,8.7,25,5.1,21,0,0,0,NA,0,0,2,5,2.5,5,0,2,1,2010
Andre Caldwell,CIN,15,25,37,345,23,13.8,53,4.5,16,0,3,79,26.3,32,0,1,0,0,0,0,0,0,2010
Laurent Robinson,STL,14,34,75,344,24.6,10.1,32,2.9,20,2,0,0,0,0,0,0,0,0,0,0,0,0,2010
Brian Robiskie,CLE,14,29,49,310,22.1,10.7,46,2,12,3,0,0,0,0,0,0,0,0,0,0,0,0,2010
Andre Roberts,ARI,15,24,49,307,20.5,12.8,74,5.8,10,2,14,326,23.3,47,0,35,263,7.5,25,0,1,0,2010
Mark Clayton,STL,5,23,42,306,61.2,13.3,39,4.2,15,2,0,0,NA,0,0,0,0,NA,0,0,0,0,2010
Danario Alexander,STL,8,20,37,306,38.3,15.3,46,6,12,1,0,0,0,0,0,0,0,0,0,0,0,0,2010
Harry Douglas,ATL,16,22,53,294,18.4,13.4,46,5.8,15,1,0,0,NA,0,0,0,0,NA,0,0,0,0,2010
Josh Cribbs,CLE,15,23,39,292,19.5,12.7,65,6.2,11,1,40,814,20.4,37,0,20,168,8.4,17,0,2,0,2010
Early Doucet,ARI,10,26,59,291,29.1,11.2,36,3.7,10,1,0,0,0,0,0,0,0,0,0,0,0,0,2010
Demaryius Thomas,DEN,10,22,39,283,28.3,12.9,31,6.5,15,2,16,398,24.9,65,0,0,0,NA,0,0,2,1,2010
Sidney Rice,MIN,6,17,42,280,46.7,16.5,46,2.6,14,2,0,0,NA,0,0,0,0,NA,0,0,0,0,2010
Jerome Simpson,CIN,5,20,25,277,55.4,13.9,59,4.5,14,3,0,0,NA,0,0,0,0,NA,0,0,2,2,2010
Justin Gage,TEN,11,20,43,266,24.2,13.3,30,3.2,14,1,1,2,2,2,0,0,0,NA,0,0,0,0,2010
Seyi Ajirotutu,SDG,10,13,23,262,26.2,20.2,55,5.9,12,2,0,0,0,0,0,0,0,0,0,0,0,0,2010
Buster Davis,SDG,7,21,39,259,37,12.3,49,4.9,14,1,0,0,NA,0,0,0,0,NA,0,0,0,0,2010
Antwaan Randle El,PIT,16,22,39,253,15.8,11.5,34,2.4,15,0,0,0,NA,0,0,14,56,4,15,0,0,0,2010
Bernard Berrian,MIN,14,28,54,252,18,9,30,3.2,14,0,0,0,NA,0,0,3,2,0.7,2,0,0,0,2010
Micheal Spurlock,TAM,16,17,33,250,15.6,14.7,43,2,12,2,44,1129,25.7,89,1,28,193,6.9,23,0,0,0,2010
Jason Hill,SFO,2,11,21,248,31,22.5,48,4.1,9,1,1,30,30,30,0,0,0,NA,0,0,0,0,2010
Vincent Jackson,SDG,5,14,24,248,49.6,17.7,58,4.1,12,3,0,0,0,0,0,0,0,0,0,0,0,0,2010
Greg Camarillo,MIN,16,20,34,240,15,12,31,4.8,12,1,0,0,NA,0,0,39,359,9.2,52,0,0,0,2010
Sammie Stroughter,TAM,12,24,40,239,19.9,10,27,4.5,13,0,3,79,26.3,30,0,1,0,0,0,0,0,0,2010
Golden Tate,SEA,11,21,39,227,20.6,10.8,52,6,8,0,1,10,10,10,0,16,202,12.6,63,0,0,0,2010
Derek Hagan,NYG,7,24,43,223,31.9,9.3,17,1.3,15,1,0,0,NA,0,0,0,0,NA,0,0,0,0,2010
Damian Williams,TEN,16,16,28,219,13.7,13.7,39,3.1,10,0,0,0,0,0,0,0,0,0,0,0,0,0,2010
Donald Jones,BUF,15,18,41,213,14.2,11.8,40,5.7,8,1,6,120,20,31,0,0,0,NA,0,0,0,0,2010
Chris Chambers,KAN,13,22,43,213,16.4,9.7,26,2,13,1,0,0,NA,0,0,0,0,NA,0,0,0,0,2010
Bryant Johnson,DET,14,18,49,210,15,11.7,24,3.8,11,0,0,0,NA,0,0,0,0,NA,0,0,0,0,2010
Dexter McCluster,KAN,11,21,39,209,19,10,31,8.4,11,1,26,527,20.3,36,0,13,202,15.5,94,1,1,1,2010
Greg Lewis,MIN,13,17,36,197,15.2,11.6,33,4.9,8,0,0,0,NA,0,0,0,0,NA,0,0,0,0,2010
Joey Galloway,WAS,10,12,38,173,17.3,14.4,62,1.7,9,0,0,0,NA,0,0,0,0,NA,0,0,0,0,2010
Kelley Washington,SDG,8,13,14,173,21.6,13.3,36,7.4,10,1,0,0,0,0,0,0,0,0,0,0,0,0,2010
Antonio Brown,PIT,9,16,19,167,18.6,10.4,26,6.9,10,0,17,397,23.4,89,1,19,110,5.8,21,0,0,0,2010
Brian Finneran,ATL,16,19,31,166,10.4,8.7,21,2.4,11,3,1,18,18,18,0,0,0,NA,0,0,0,0,2010
Ted Ginn Jr.,SFO,13,12,35,163,12.5,13.6,37,1.5,6,1,47,992,21.1,61,0,24,321,13.4,78,1,0,0,2010
Ruvell Martin,SEA,5,7,9,158,31.6,22.6,61,8.3,6,1,0,0,NA,0,0,0,0,NA,0,0,0,0,2010
Terrance Copper,KAN,16,18,28,157,9.8,8.7,20,4.1,9,0,2,26,13,17,0,0,0,NA,0,0,0,0,2010
Devin Aromashodu,CHI,14,10,24,149,10.6,14.9,34,5.1,8,0,0,0,NA,0,0,0,0,NA,0,0,0,0,2010
Naaman Roosevelt,BUF,6,9,17,139,23.2,15.4,30,4.4,7,0,2,31,15.5,16,0,0,0,NA,0,0,0,0,2010
Marlon Moore,MIA,9,6,19,128,14.2,21.3,57,12.8,4,1,1,34,34,34,0,0,0,NA,0,0,0,0,2010
David Clowney,NYJ,3,7,16,124,9.5,17.7,31,6.4,4,0,0,0,NA,0,0,0,0,NA,0,0,0,0,2010
Sam Hurd,DAL,15,14,23,120,8,8.6,13,5.1,11,0,0,0,0,0,0,0,0,0,0,0,0,0,2010
Max Komar,ARI,8,12,22,117,14.6,9.8,20,3.3,6,0,0,0,NA,0,0,5,31,6.2,9,0,1,1,2010
David Anderson,HOU,12,11,18,117,9.8,10.6,35,5.1,5,0,0,0,NA,0,0,4,26,6.5,17,0,0,0,2010
Riley Cooper,PHI,13,7,18,116,8.9,16.6,37,2.4,5,1,0,9,NA,9,0,0,0,NA,0,0,0,0,2010
Chad Hall,PHI,8,11,18,115,14.4,10.5,48,2.9,5,1,4,65,16.3,21,0,3,31,10.3,14,0,0,0,2010
Verran Tucker,KAN,11,6,19,114,10.4,19,38,3.5,5,1,4,73,18.3,24,0,0,0,NA,0,0,0,0,2010
Tiquan Underwood,JAC,10,8,22,111,11.1,13.9,22,3,6,0,24,561,23.4,53,0,0,0,NA,0,0,0,0,2010
Roydell Williams,WAS,16,8,18,109,6.8,13.6,34,7.4,4,0,0,0,0,0,0,0,0,0,0,0,0,0,2010
Eric Decker,DEN,14,6,8,106,7.6,17.7,38,4.7,4,1,22,556,25.3,51,0,0,0,NA,0,0,1,1,2010
Johnnie Lee Higgins,OAK,13,10,30,103,7.9,10.3,26,1.9,5,0,0,0,NA,0,0,17,123,7.2,53,0,0,0,2010
Stephen Williams,ARI,11,9,23,101,9.2,11.2,17,4.1,5,0,1,14,14,14,0,0,0,NA,0,0,0,0,2010
Dominique Zeigler,SFO,11,9,15,98,8.9,10.9,20,2,5,0,0,0,NA,0,0,0,0,NA,0,0,0,0,2010
Dezmon Briscoe,TAM,2,6,7,93,46.5,15.5,54,6.8,4,1,0,0,0,0,0,0,0,0,0,0,0,0,2010
Julian Edelman,NWE,15,7,14,86,5.7,12.3,40,14.6,3,0,0,0,NA,0,0,21,321,15.3,94,1,0,0,2010
Rashied Davis,CHI,16,9,14,84,5.3,9.3,21,3.6,6,1,5,70,14,32,0,0,0,NA,0,0,0,0,2010
Donte' Stallworth,BAL,8,2,5,82,10.3,41,67,14,2,0,0,0,NA,0,0,0,0,NA,0,0,1,1,2010
Adrian Arrington,NOR,1,7,9,79,79,11.3,17,4,3,0,0,0,0,0,0,0,0,0,0,0,0,0,2010
Brett Swain,GNB,16,6,9,72,4.5,12,31,9.8,3,0,0,0,0,0,0,0,0,0,0,0,0,0,2010
Anthony Gonzalez,IND,2,5,9,67,33.5,13.4,34,3.6,3,0,0,0,0,0,0,0,0,0,0,0,0,0,2010
Ramses Barden,NYG,6,5,7,64,10.7,12.8,26,1.8,2,0,0,0,0,0,0,0,0,0,0,0,0,0,2010
Mardy Gilyard,STL,11,6,16,63,5.7,10.5,21,2.3,4,0,16,356,22.3,34,0,0,0,NA,0,0,0,0,2010
Roberto Wallace,MIA,12,6,10,62,5.2,10.3,19,2.7,1,0,0,0,0,0,0,0,0,0,0,0,0,0,2010
Eric Weems,ATL,16,6,6,61,3.8,10.2,18,3.7,3,0,40,1100,27.5,102,1,18,230,12.8,55,1,0,0,2010
Lavelle Hawkins,TEN,6,5,6,61,10.2,12.2,24,1.4,3,0,0,0,NA,0,0,0,0,NA,0,0,0,0,2010
Kassim Osgood,JAC,16,6,16,60,3.8,10,24,2.7,4,1,0,0,NA,0,0,1,0,0,0,0,0,0,2010
Terrence Austin,WAS,5,3,5,47,9.4,15.7,28,3.7,3,0,1,15,15,15,0,0,0,NA,0,0,0,0,2010
Brad Smith,NYJ,16,4,7,44,2.8,11,23,3.3,2,0,50,1432,28.6,97,2,0,0,NA,0,0,1,1,2010
Preston Parker,TAM,9,4,9,42,4.7,10.5,21,7.8,3,0,10,178,17.8,37,0,0,0,NA,0,0,0,0,2010
Taylor Price,NWE,1,3,4,41,41,13.7,18,8.3,3,0,0,0,0,0,0,0,0,0,0,0,0,0,2010
Nick Miller,OAK,9,3,4,40,4.4,13.3,32,1.3,1,0,2,37,18.5,27,0,35,257,7.3,46,0,0,0,2010
Brandon James,IND,3,6,11,40,13.3,6.7,17,2.3,3,0,14,229,16.4,26,0,7,35,5,14,0,0,0,2010
Dwayne Jarrett,CAR,3,2,5,40,13.3,20,21,2,2,0,0,0,0,0,0,0,0,0,0,0,0,0,2010
Chaz Schilens,OAK,5,5,9,40,8,8,11,3,4,1,0,0,0,0,0,0,0,0,0,0,0,0,2010
Kevin Ogletree,DAL,6,3,6,34,5.7,11.3,19,2.7,2,0,6,109,18.2,31,0,0,0,NA,0,0,0,0,2010
Derrick Williams,DET,7,3,5,30,4.3,10,17,3,1,0,0,0,NA,0,0,0,0,NA,0,0,0,0,2010
Patrick Turner,NYJ,5,2,2,26,5.2,13,21,1.5,0,0,0,0,0,0,0,0,0,0,0,0,0,0,2010
Richard Goodman,SDG,3,1,2,25,8.3,25,25,5,0,0,0,0,0,0,0,0,0,0,0,0,1,1,2010
Michael Clayton,NYG,6,2,4,19,3.2,9.5,14,1,1,0,0,0,NA,0,0,0,0,NA,0,0,0,0,2010
Hank Baskett,MIN,6,1,4,18,2.3,18,18,7,1,0,0,0,NA,0,0,0,0,NA,0,0,0,0,2010
Yamon Figurs,CLE,1,2,2,17,8.5,8.5,11,4,1,0,5,105,21,25,0,1,10,10,10,0,0,0,2010
Matt Willis,DEN,6,1,2,17,2.8,17,17,1,1,0,0,0,0,0,0,0,0,0,0,0,0,0,2010
Quan Cosby,CIN,16,2,2,16,1,8,11,3,1,0,3,44,14.7,18,0,30,225,7.5,20,0,0,0,2010
Brandon Banks,WAS,13,2,5,10,0.8,5,15,0,1,0,46,1155,25.1,96,1,38,431,11.3,53,0,0,0,2010
Kyle Williams,SFO,4,1,1,8,2,8,8,3,0,0,4,82,20.5,30,0,3,16,5.3,9,0,0,0,2010
Paul Hubbard,BUF,1,1,3,8,8,8,8,2,0,0,0,0,0,0,0,0,0,0,0,0,0,0,2010
Sam Aiken,CLE,3,1,1,7,2.3,7,7,1,0,0,0,0,0,0,0,0,0,0,0,0,0,0,2010
Kevin Curtis,MIA,2,1,2,6,3,6,6,0,0,0,0,0,NA,0,0,0,0,NA,0,0,0,0,2010
Manuel Johnson,DAL,2,1,5,6,3,6,6,1,0,0,0,0,0,0,0,0,0,0,0,0,0,0,2010
Duke Calhoun,NYG,9,1,2,4,0.4,4,4,4,0,0,0,0,0,0,0,0,0,0,0,0,0,0,2010
Gary Banks,SDG,2,1,3,2,1,2,2,0,0,0,0,0,0,0,0,0,0,0,0,0,0,0,2010
Devin Thomas,NYG,4,0,1,0,0,NA,0,NA,0,0,15,399,26.6,42,0,0,0,NA,0,0,0,0,2010
Marcus Smith,BAL,14,0,0,0,0,NA,0,NA,0,0,0,0,0,0,0,0,0,0,0,0,0,0,2010
Kenneth Moore,IND,2,0,0,0,0,NA,0,NA,0,0,5,102,20.4,27,0,6,36,6,16,0,0,0,2010
Marc Mariani,TEN,16,0,2,0,0,NA,0,NA,0,0,60,1530,25.5,98,1,27,329,12.2,87,1,0,0,2010
Brian Clark,DET,4,0,1,0,0,NA,0,NA,0,0,0,0,NA,0,0,0,0,NA,0,0,0,0,2010
Demetrius Williams,CLE,2,0,2,0,0,NA,0,NA,0,0,0,0,0,0,0,0,0,0,0,0,0,0,2010
Courtney Roby,NOR,13,0,0,0,0,NA,0,NA,0,0,33,785,23.8,39,0,0,0,NA,0,0,0,0,2010
Matthew Slater,NWE,15,0,1,0,0,NA,0,NA,0,0,0,0,NA,0,0,0,0,NA,0,0,0,0,2010
Arnaz Battle,PIT,15,0,2,0,0,NA,0,NA,0,0,0,0,NA,0,0,0,0,NA,0,0,0,0,2010
Armanti Edwards,CAR,3,0,2,0,0,NA,0,NA,0,0,0,0,NA,0,0,2,0,0,0,0,0,0,2010
David Reed,BAL,13,0,1,0,0,NA,0,NA,0,0,21,616,29.3,103,1,0,0,NA,0,0,0,0,2010
Carlton Mitchell,CLE,5,0,1,0,0,NA,0,NA,0,0,0,0,0,0,0,0,0,0,0,0,0,0,2010
Jeremy Horne,KAN,3,0,1,0,0,NA,0,NA,0,0,0,0,0,0,0,0,0,0,0,0,0,0,2010
Charly Martin,CAR,1,0,0,0,0,NA,0,NA,0,0,0,0,0,0,0,0,0,0,0,0,0,0,2010
Joe Webb,MIN,5,0,0,0,0,NA,0,NA,0,0,1,30,30,30,0,0,0,NA,0,0,1,0,2010
Dorin Dickerson,HOU,7,0,1,0,0,NA,0,NA,0,0,0,0,0,0,0,0,0,0,0,0,0,0,2010
John Matthews,JAC,3,0,1,0,0,NA,0,NA,0,0,0,0,0,0,0,0,0,0,0,0,0,0,2010
Jesse Holley,DAL,12,0,0,0,0,0,0,0,0,0,0,0,NA,0,0,1,2,2,2,0,0,0,2010
 Calvin Johnson,DET,16,96,NA,1681,105.1,17.5,73,5.7,77,16,0,0,0,0,0,0,0,0,0,0,1,1,2011
 Wes Welker,NWE,16,122,NA,1569,98.1,12.9,99,6.2,77,9,0,0,NA,0,0,8,82,10.3,25,0,0,0,2011
 Victor Cruz,NYG,16,82,NA,1536,96,18.7,99,7.4,59,9,0,0,NA,0,0,3,12,4,11,0,1,1,2011
 Larry Fitzgerald,ARI,16,80,NA,1411,88.2,17.6,73,6.4,61,8,0,0,0,0,0,0,0,0,0,0,0,0,2011
 Steve Smith,CAR,16,79,NA,1394,87.1,17.6,77,5.9,53,7,0,0,NA,0,0,0,0,NA,0,0,3,2,2011
 Roddy White,ATL,16,100,NA,1296,81,13,43,3.8,77,8,0,0,NA,0,0,0,0,NA,0,0,0,0,2011
 Jordy Nelson,GNB,16,68,NA,1263,78.9,18.6,93,6.4,47,15,0,0,NA,0,0,0,0,NA,0,0,0,0,2011
 Brandon Marshall,MIA,16,81,NA,1214,75.9,15,65,4.2,53,6,0,0,NA,0,0,0,0,NA,0,0,1,1,2011
 Mike Wallace,PIT,16,72,NA,1193,74.6,16.6,95,6.8,54,8,0,0,NA,0,0,0,0,NA,0,0,1,1,2011
 Hakeem Nicks,NYG,15,76,NA,1192,79.5,15.7,68,4.8,54,7,0,0,NA,0,0,0,0,NA,0,0,0,0,2011
 Dwayne Bowe,KAN,16,81,NA,1159,72.4,14.3,52,4.5,57,5,0,0,NA,0,0,0,0,NA,0,0,1,0,2011
 Marques Colston,NOR,14,80,NA,1143,81.6,14.3,50,3.6,55,8,0,0,NA,0,0,0,0,NA,0,0,1,1,2011
 Antonio Brown,PIT,16,69,NA,1108,69.3,16.1,79,5,57,2,27,737,27.3,52,0,30,325,10.8,60,1,0,0,2011
 Vincent Jackson,SDG,16,60,NA,1106,69.1,18.4,58,3.9,54,9,0,0,0,0,0,0,0,0,0,0,0,0,2011
 A.J. Green,CIN,15,65,NA,1057,70.5,16.3,58,4.5,43,7,0,0,0,0,0,0,0,0,0,0,1,0,2011
 Nate Washington,TEN,16,74,NA,1023,63.9,13.8,57,4.9,47,7,0,0,0,0,0,0,0,0,0,0,0,0,2011
 Stevie Johnson,BUF,16,76,NA,1004,62.8,13.2,55,4.5,45,7,0,0,NA,0,0,0,0,NA,0,0,0,0,2011
 Darrius Heyward-Bey,OAK,15,64,NA,975,65,15.2,58,4.5,44,4,0,0,0,0,0,0,0,0,0,0,1,1,2011
 Percy Harvin,MIN,16,87,NA,967,60.4,11.1,52,6.5,45,6,16,520,32.5,104,1,0,0,NA,0,0,2,2,2011
 Brandon Lloyd,DEN,4,70,NA,966,64.4,13.8,44,2.2,46,5,0,0,NA,0,0,0,0,NA,0,0,1,0,2011
 DeSean Jackson,PHI,15,58,NA,961,64.1,16.6,62,4.3,39,4,1,7,7,7,0,17,114,6.7,51,0,0,0,2011
 Reggie Wayne,IND,16,75,NA,960,60,12.8,56,3.9,50,4,0,0,0,0,0,0,0,0,0,0,0,0,2011
 Julio Jones,ATL,13,54,NA,959,73.8,17.8,80,7.9,34,8,0,0,0,0,0,0,0,0,0,0,1,1,2011
 Greg Jennings,GNB,13,67,NA,949,73,14.2,79,4.8,43,9,0,0,NA,0,0,0,0,NA,0,0,0,0,2011
 Pierre Garcon,IND,16,70,NA,947,59.2,13.5,87,5.4,42,6,0,0,NA,0,0,16,44,2.8,20,0,2,2,2011
 Jabar Gaffney,WAS,16,68,NA,947,59.2,13.9,45,2.9,50,5,0,0,NA,0,0,0,0,NA,0,0,1,1,2011
 Dez Bryant,DAL,15,63,NA,928,61.9,14.7,50,5,48,9,3,55,18.3,26,0,15,103,6.9,20,0,1,1,2011
 Anquan Boldin,BAL,14,57,NA,887,63.4,15.6,56,4.6,44,3,0,0,NA,0,0,0,0,NA,0,0,0,0,2011
 Michael Crabtree,SFO,15,72,NA,874,58.3,12.1,52,5.2,40,4,0,0,NA,0,0,0,0,NA,0,0,0,0,2011
 Jeremy Maclin,PHI,13,63,NA,859,66.1,13.6,59,4.5,43,5,0,0,NA,0,0,4,29,7.3,11,0,1,1,2011
 Laurent Robinson,DAL,14,54,NA,858,61.3,15.9,74,5,36,11,0,0,0,0,0,0,0,0,0,0,1,0,2011
 Malcom Floyd,SDG,12,43,NA,856,71.3,19.9,52,4.7,41,5,0,0,0,0,0,0,0,0,0,0,0,0,2011
 Torrey Smith,BAL,16,50,NA,841,52.6,16.8,74,5,34,7,1,24,24,24,0,0,0,NA,0,0,1,0,2011
 Doug Baldwin,SEA,16,51,NA,788,49.3,15.5,55,6.3,40,4,1,37,37,37,0,0,0,NA,0,0,0,0,2011
 Steve Breaston,KAN,16,61,NA,785,49.1,12.9,43,5.6,39,2,0,0,NA,0,0,0,0,NA,0,0,0,0,2011
 Mike Williams,TAM,16,65,NA,771,48.2,11.9,42,3.8,41,3,0,0,0,0,0,0,0,0,0,0,2,2,2011
 Nate Burleson,DET,16,73,NA,757,47.3,10.4,47,5.8,36,3,0,0,NA,0,0,0,0,NA,0,0,1,1,2011
 Johnny Knox,CHI,14,37,NA,727,51.9,19.6,81,4.5,31,2,15,397,26.5,56,0,1,9,9,9,0,1,1,2011
 Jerome Simpson,CIN,16,50,NA,725,45.3,14.5,84,5.2,34,4,0,0,NA,0,0,0,0,NA,0,0,0,0,2011
 Greg Little,CLE,16,61,NA,709,44.3,11.6,76,4.1,35,2,0,0,0,0,0,0,0,0,0,0,0,0,2011
 Deion Branch,NWE,15,51,NA,702,46.8,13.8,63,6.7,37,5,0,0,NA,0,0,0,0,NA,0,0,0,0,2011
 Early Doucet,ARI,16,54,NA,689,43.1,12.8,70,6.7,35,5,0,0,0,0,0,0,0,0,0,0,1,0,2011
 Jason Avant,PHI,16,52,NA,679,42.4,13.1,35,3.7,33,1,0,0,NA,0,0,0,0,NA,0,0,2,2,2011
 David Nelson,BUF,16,61,NA,658,41.1,10.8,35,3.7,32,5,0,0,0,0,0,0,0,0,0,0,0,0,2011
 Santonio Holmes,NYJ,16,51,NA,654,40.9,12.8,38,3.9,34,8,0,0,NA,0,0,0,0,NA,0,0,2,1,2011
 James Jones,GNB,16,38,NA,635,39.7,16.7,70,7.6,27,7,0,0,0,0,0,0,0,0,0,0,1,0,2011
 Lance Moore,NOR,14,52,NA,627,44.8,12.1,47,3,35,8,0,0,NA,0,0,0,0,NA,0,0,0,0,2011
 Robert Meachem,NOR,16,40,NA,620,38.8,15.5,67,2.8,29,6,0,0,NA,0,0,0,0,NA,0,0,0,0,2011
 Denarius Moore,OAK,13,33,NA,618,47.5,18.7,78,4.4,26,5,2,37,18.5,20,0,25,216,8.6,34,0,0,0,2011
 Brandon LaFell,CAR,16,36,NA,613,38.3,17,91,6.2,23,3,0,0,0,0,0,0,0,0,0,0,0,0,2011
 Eric Decker,DEN,16,44,NA,612,38.3,13.9,56,4.4,29,8,2,50,25,34,0,6,133,22.2,90,1,1,1,2011
 Plaxico Burress,NYJ,16,45,NA,612,38.3,13.6,30,3.5,38,8,0,0,0,0,0,0,0,0,0,0,0,0,2011
 Titus Young,DET,16,48,NA,607,37.9,12.6,57,3.1,33,6,0,0,0,0,0,0,0,0,0,0,1,0,2011
 Damian Williams,TEN,15,45,NA,592,39.5,13.2,54,5.1,27,5,0,0,0,0,0,0,0,0,0,0,0,0,2011
 Andre Roberts,ARI,16,51,NA,586,36.6,11.5,45,4.7,29,2,2,33,16.5,21,0,2,-3,-1.5,-1,0,1,0,2011
 Santana Moss,WAS,12,46,NA,584,48.7,12.7,49,4.4,35,4,0,0,NA,0,0,0,0,NA,0,0,0,0,2011
 Miles Austin,DAL,10,43,NA,579,57.9,13.5,53,4.7,31,7,0,0,NA,0,0,0,0,NA,0,0,1,0,2011
 Preston Parker,TAM,16,40,NA,554,34.6,13.9,51,7.7,25,3,20,439,22,45,0,23,210,9.1,34,0,1,1,2011
 Demaryius Thomas,DEN,11,32,NA,551,50.1,17.2,47,4,24,4,0,0,NA,0,0,0,0,NA,0,0,0,0,2011
 Brian Hartline,MIA,16,35,NA,549,34.3,15.7,41,2.9,30,1,0,0,NA,0,0,0,0,NA,0,0,0,0,2011
 Davone Bess,MIA,16,51,NA,537,33.6,10.5,41,4.5,25,3,1,0,0,0,0,37,442,11.9,25,0,2,2,2011
 Mario Manningham,NYG,12,39,NA,523,43.6,13.4,47,2.9,25,4,0,0,0,0,0,0,0,0,0,0,0,0,2011
 Joshua Cribbs,CLE,16,41,NA,518,32.4,12.6,45,5.4,27,4,39,974,25,63,0,34,388,11.4,84,1,0,0,2011
 Austin Collie,IND,16,54,NA,514,32.1,9.5,27,4.1,35,1,0,0,NA,0,0,0,0,NA,0,0,0,0,2011
 Jacoby Jones,HOU,16,31,NA,512,32,16.5,80,4.9,23,2,0,0,NA,0,0,49,518,10.6,79,1,0,0,2011
 Roy Williams,CHI,15,37,NA,507,33.8,13.7,25,3.1,29,2,0,0,0,0,0,0,0,0,0,0,0,0,2011
 Devery Henderson,NOR,16,32,NA,503,31.4,15.7,79,5.3,22,2,0,0,NA,0,0,0,0,NA,0,0,1,0,2011
 Harry Douglas,ATL,16,39,NA,498,31.1,12.8,49,6.4,20,1,0,0,NA,0,0,0,0,NA,0,0,0,0,2011
 Andre Johnson,HOU,7,33,NA,492,70.3,14.9,50,4.1,23,2,0,0,0,0,0,0,0,0,0,0,0,0,2011
 Sidney Rice,SEA,9,32,NA,484,53.8,15.1,52,4.3,19,2,0,0,NA,0,0,0,0,NA,0,0,1,0,2011
 Kevin Walter,HOU,15,39,NA,474,31.6,12.2,41,3.6,26,3,0,0,NA,0,0,0,0,NA,0,0,0,0,2011
 Lavelle Hawkins,TEN,16,47,NA,470,29.4,10,32,4.4,23,1,0,0,NA,0,0,0,0,NA,0,0,1,0,2011
 Devin Aromashodu,MIN,16,26,NA,468,29.3,18,60,5.3,21,1,0,0,NA,0,0,0,0,NA,0,0,1,0,2011
 Legedu Naanee,CAR,15,44,NA,467,31.1,10.6,28,4,20,1,0,0,NA,0,0,0,0,NA,0,0,0,0,2011
 Michael Jenkins,MIN,11,38,NA,466,42.4,12.3,72,3.1,23,3,0,0,NA,0,0,0,0,NA,0,0,2,2,2011
 Donald Driver,GNB,16,37,NA,445,27.8,12,35,3.9,20,6,2,5,2.5,5,0,0,0,NA,0,0,0,0,2011
 Arrelious Benn,TAM,14,30,NA,441,31.5,14.7,65,6.9,15,3,0,0,0,0,0,0,0,0,0,0,0,0,2011
 Ben Obomanu,SEA,16,37,NA,436,27.3,11.8,55,3.5,16,2,0,0,NA,0,0,0,0,NA,0,0,0,0,2011
 Danario Alexander,STL,10,26,NA,431,43.1,16.6,68,5.5,19,2,0,0,0,0,0,0,0,0,0,0,0,0,2011
 Brandon Gibson,STL,15,36,NA,431,28.7,12,34,3.2,28,1,0,0,0,0,0,0,0,0,0,0,0,0,2011
 Mike Thomas,JAC,15,44,NA,415,27.7,9.4,47,4.4,20,1,0,0,NA,0,0,19,88,4.6,28,0,1,0,2011
 Dezmon Briscoe,TAM,16,35,NA,387,24.2,11.1,46,3,20,6,1,12,12,12,0,0,0,NA,0,0,0,0,2011
 Mohamed Massaquoi,CLE,14,31,NA,384,27.4,12.4,56,2.5,19,2,0,0,0,0,0,0,0,0,0,0,0,0,2011
 Golden Tate,SEA,16,35,NA,382,23.9,10.9,33,4.6,16,3,0,0,NA,0,0,1,0,0,0,0,1,0,2011
 Earl Bennett,CHI,11,24,NA,381,34.6,15.9,49,5.7,14,1,1,9,9,9,0,1,7,7,7,0,1,1,2011
 Hines Ward,PIT,15,46,NA,381,25.4,8.3,31,4.2,20,2,0,0,NA,0,0,0,0,NA,0,0,1,1,2011
 Randall Cobb,GNB,15,25,NA,375,25,15,61,7.8,15,1,34,941,27.7,108,1,26,295,11.3,80,1,0,0,2011
 Devin Hester,CHI,16,26,NA,369,23.1,14.2,53,6.5,15,1,33,723,21.9,98,1,28,454,16.2,82,2,1,0,2011
 Jason Hill,JAC,10,25,NA,367,36.7,14.7,74,5,17,3,0,0,NA,0,0,0,0,NA,0,0,0,0,2011
 Vincent Brown,SDG,14,19,NA,329,23.5,17.3,31,4.2,17,2,0,0,0,0,0,0,0,0,0,0,0,0,2011
 Andre Caldwell,CIN,13,37,NA,317,24.4,8.6,49,3,15,3,0,0,NA,0,0,0,0,NA,0,0,0,0,2011
 Riley Cooper,PHI,16,16,NA,315,19.7,19.7,58,3.8,13,1,1,16,16,16,0,0,0,NA,0,0,0,0,2011
 Jeremy Kerley,NYJ,14,29,NA,314,22.4,10.8,38,3.8,19,1,1,15,15,15,0,29,317,10.9,53,0,0,0,2011
 Donte' Stallworth,WAS,11,22,NA,309,28.1,14,51,5.2,15,2,0,0,NA,0,0,0,0,NA,0,0,0,0,2011
 Jarett Dillard,JAC,14,29,NA,292,20.9,10.1,25,1.7,16,1,0,0,NA,0,0,3,10,3.3,5,0,0,0,2011
 Kenny Britt,TEN,3,17,NA,289,96.3,17,80,8.4,14,3,0,0,NA,0,0,0,0,NA,0,0,1,1,2011
 Emmanuel Sanders,PIT,11,22,NA,288,26.2,13.1,32,7,17,2,5,93,18.6,25,0,3,22,7.3,10,0,0,0,2011
 Jacoby Ford,OAK,8,19,NA,279,34.9,14.7,41,7.7,14,1,11,341,31,101,1,0,0,NA,0,0,2,1,2011
 Chad Johnson,NWE,15,15,NA,276,18.4,18.4,53,3.4,13,1,0,0,0,0,0,0,0,0,0,0,0,0,2011
 Dane Sanzenbacher,CHI,16,27,NA,276,17.3,10.2,22,2.2,16,3,0,0,0,0,0,0,0,0,0,0,0,0,2011
 Chaz Schilens,OAK,15,23,NA,271,18.1,11.8,30,2.1,13,2,0,0,0,0,0,0,0,0,0,0,0,0,2011
 Jordan Norwood,CLE,14,23,NA,268,19.1,11.7,51,3.2,15,1,0,0,NA,0,0,4,35,8.8,14,0,0,0,2011
 Matthew Willis,DEN,16,18,NA,267,16.7,14.8,42,5.8,15,1,8,163,20.4,29,0,1,0,0,0,0,0,0,2011
 Greg Salas,STL,6,27,NA,264,44,9.8,21,8.6,11,0,0,0,NA,0,0,2,29,14.5,29,0,2,0,2011
 Andrew Hawkins,CIN,13,23,NA,263,20.2,11.4,26,6.6,12,0,0,0,0,0,0,0,0,0,0,0,0,0,2011
 Naaman Roosevelt,BUF,10,16,NA,257,25.7,16.1,60,8,11,1,0,0,NA,0,0,0,0,NA,0,0,0,0,2011
 Austin Pettis,STL,12,27,NA,256,21.3,9.5,35,3.6,14,0,3,62,20.7,24,0,15,139,9.3,39,0,0,0,2011
 Jon Baldwin,KAN,11,21,NA,254,23.1,12.1,39,1.9,13,1,0,0,0,0,0,0,0,0,0,0,0,0,2011
 Derek Hagan,BUF,4,24,NA,252,25.2,10.5,29,1.8,15,1,0,0,NA,0,0,0,0,NA,0,0,0,0,2011
 Patrick Crayton,SDG,14,23,NA,248,17.7,10.8,26,5.1,17,1,0,0,NA,0,0,22,202,9.2,31,0,1,0,2011
 Louis Murphy,OAK,11,15,NA,241,21.9,16.1,47,5.7,11,0,0,0,0,0,0,0,0,0,0,0,0,0,2011
 Kyle Williams,SFO,13,20,NA,241,18.5,12.1,56,5.2,14,3,4,104,26,33,0,2,41,20.5,36,0,0,0,2011
 Brad Smith,BUF,15,23,NA,240,16,10.4,36,5.1,10,1,15,282,18.8,28,0,0,0,NA,0,0,0,0,2011
 Jerricho Cotchery,PIT,13,16,NA,237,18.2,14.8,36,4.2,13,2,1,19,19,19,0,0,0,NA,0,0,0,0,2011
 Mike Williams,SEA,12,18,NA,236,19.7,13.1,55,3.1,13,1,0,0,0,0,0,0,0,0,0,0,0,0,2011
 Donald Jones,BUF,8,23,NA,231,28.9,10,48,3.3,9,1,0,0,NA,0,0,0,0,NA,0,0,0,0,2011
 Ted Ginn Jr.,SFO,14,19,NA,220,15.7,11.6,26,2.5,11,0,29,800,27.6,102,1,38,466,12.3,55,1,0,0,2011
 Josh Morgan,SFO,5,15,NA,220,44,14.7,30,6.9,12,1,0,0,NA,0,0,0,0,NA,0,0,0,0,2011
 Braylon Edwards,SFO,9,15,NA,181,20.1,12.1,24,3.2,9,0,0,0,0,0,0,0,0,0,0,0,0,0,2011
 Derrick Mason,NYJ,5,19,NA,170,14.2,8.9,30,2.6,11,0,0,0,NA,0,0,0,0,NA,0,0,0,0,2011
 Jesse Holley,DAL,16,7,NA,169,10.6,24.1,77,8.6,6,0,0,0,NA,0,0,1,15,15,15,0,0,0,2011
 Kevin Ogletree,DAL,14,15,NA,164,11.7,10.9,33,3.7,11,0,6,114,19,25,0,2,35,17.5,25,0,1,1,2011
 Leonard Hankerson,WAS,4,13,NA,163,40.8,12.5,23,3,8,0,0,0,0,0,0,0,0,0,0,0,0,0,2011
 Chastin West,JAC,12,13,NA,163,13.6,12.5,23,3.8,9,2,0,0,0,0,0,0,0,0,0,0,0,0,2011
 Eddie Royal,DEN,12,19,NA,155,12.9,8.2,26,3.7,8,1,3,47,15.7,20,0,12,194,16.2,85,1,0,0,2011
 Mike Sims-Walker,STL,4,12,NA,150,25,12.5,33,2.8,8,0,0,0,0,0,0,0,0,0,0,0,0,0,2011
 T.J. Houshmandzadeh,OAK,9,11,NA,146,16.2,13.3,40,3.5,5,1,0,0,NA,0,0,1,0,0,0,0,0,0,2011
 Terrence Austin,WAS,13,12,NA,137,10.5,11.4,32,2.3,6,0,0,0,NA,0,0,0,0,NA,0,0,1,1,2011
 Steve Smith,PHI,9,11,NA,124,13.8,11.3,20,3,5,1,0,0,NA,0,0,1,0,0,0,0,0,0,2011
 Greg Camarillo,MIN,13,9,NA,121,9.3,13.4,23,2,6,0,0,0,NA,0,0,0,0,NA,0,0,0,0,2011
 Terrance Copper,KAN,16,8,NA,114,7.1,14.3,43,5.5,6,0,1,12,12,12,0,0,0,NA,0,0,0,0,2011
 Sam Hurd,CHI,12,8,NA,109,9.1,13.6,28,4.5,5,0,1,24,24,24,0,0,0,NA,0,0,1,0,2011
 Ricardo Lockette,SEA,2,2,NA,105,52.5,52.5,61,10,2,1,0,0,0,0,0,0,0,0,0,0,0,0,2011
 Anthony Armstrong,WAS,14,7,NA,103,7.4,14.7,50,1.3,4,2,1,28,28,28,0,0,0,NA,0,0,0,0,2011
 Patrick Turner,NYJ,15,8,NA,96,6.4,12,25,3.3,6,1,1,-1,-1,-1,0,0,0,NA,0,0,0,0,2011
 Ramses Barden,NYG,8,9,NA,94,11.8,10.4,26,3.1,5,0,0,0,0,0,0,0,0,0,0,0,0,0,2011
 Bernard Berrian,MIN,5,7,NA,91,18.2,13,30,0.4,3,0,0,0,NA,0,0,0,0,NA,0,0,0,0,2011
 Eric Weems,ATL,16,11,NA,90,5.6,8.2,18,2.7,5,0,24,563,23.5,37,0,32,315,9.8,42,0,0,0,2011
 Bryant Johnson,HOU,16,6,NA,90,5.6,15,40,1.8,4,1,0,0,NA,0,0,0,0,NA,0,0,0,0,2011
 Keary Colbert,KAN,7,9,NA,89,12.7,9.9,19,4,4,0,0,0,NA,0,0,0,0,NA,0,0,1,0,2011
 Ruvell Martin,BUF,14,7,NA,82,5.9,11.7,28,4.7,5,0,0,0,NA,0,0,0,0,NA,0,0,0,0,2011
 David Anderson,WAS,4,7,NA,79,13.2,11.3,23,2.4,5,1,0,0,NA,0,0,0,0,NA,0,0,0,0,2011
 Lee Evans,BAL,9,4,NA,74,8.2,18.5,32,3.3,4,0,0,0,0,0,0,0,0,0,0,0,0,0,2011
 Rashied Davis,DET,11,4,NA,63,5.7,15.8,22,9,4,0,2,34,17,18,0,0,0,NA,0,0,0,0,2011
 Sammie Stroughter,TAM,6,4,NA,52,8.7,13,29,5.8,2,0,20,540,27,78,0,0,0,NA,0,0,0,0,2011
 Deon Butler,SEA,5,6,NA,51,10.2,8.5,15,1.7,3,0,0,0,NA,0,0,0,0,NA,0,0,0,0,2011
 Domenik Hixon,NYG,2,4,NA,50,25,12.5,22,1.8,3,1,0,0,NA,0,0,3,31,10.3,18,0,0,0,2011
 LaQuan Williams,BAL,12,4,NA,46,3.8,11.5,15,2,3,0,5,109,21.8,37,0,1,0,0,0,0,0,0,2011
 Matthew Slater,NWE,16,1,NA,46,2.9,46,46,5,1,0,4,68,17,22,0,0,0,NA,0,0,0,0,2011
 Donnie Avery,TEN,8,3,NA,45,5.6,15,23,8,3,1,0,0,NA,0,0,0,0,NA,0,0,0,0,2011
 Danny Amendola,STL,1,5,NA,45,45,9,18,3.6,3,0,0,0,NA,0,0,1,0,0,0,0,0,0,2011
 Kassim Osgood,JAC,12,5,NA,42,3.5,8.4,19,3,2,0,0,0,NA,0,0,0,0,NA,0,0,0,0,2011
 Chansi Stuckey,ARI,9,4,NA,39,4.3,9.8,12,2.5,2,0,0,0,NA,0,0,0,0,NA,0,0,1,1,2011
 Taylor Price,NWE,3,2,NA,39,7.8,19.5,21,4,2,0,0,0,0,0,0,0,0,0,0,0,0,0,2011
 Stephen Burton,MIN,3,2,NA,38,12.7,19,21,3.5,2,0,0,0,0,0,0,0,0,0,0,0,0,0,2011
 Devin Thomas,NYG,16,3,NA,37,2.3,12.3,14,4.7,2,0,25,607,24.3,40,0,0,0,NA,0,0,0,0,2011
 DeMarco Sampson,ARI,12,3,NA,36,3,12,15,3,3,0,0,0,0,0,0,0,0,0,0,0,0,0,2011
 Jerheme Urban,KAN,6,4,NA,35,5.8,8.8,24,2,1,1,0,0,NA,0,0,0,0,NA,0,0,0,0,2011
 Julian Edelman,NWE,13,4,NA,34,2.6,8.5,11,2.3,0,0,12,284,23.7,37,0,28,300,10.7,72,1,0,0,2011
 Adrian Arrington,NOR,4,2,NA,31,7.8,15.5,17,0,2,0,0,0,0,0,0,0,0,0,0,0,0,0,2011
 Carlton Mitchell,CLE,11,3,NA,31,2.8,10.3,19,1.3,2,0,0,0,0,0,0,0,0,0,0,0,0,0,2011
 Tiquan Underwood,NWE,6,3,NA,30,5,10,13,2.7,2,0,0,0,NA,0,0,0,0,NA,0,0,0,0,2011
 Kris Durham,SEA,3,3,NA,30,10,10,12,0.7,2,0,0,0,0,0,0,0,0,0,0,0,0,0,2011
 Cecil Shorts,JAC,10,2,NA,30,3,15,25,2,2,1,4,82,20.5,23,0,12,50,4.2,27,0,0,0,2011
 Bryan Walters,SDG,4,3,NA,27,6.8,9,13,5.3,2,0,0,0,NA,0,0,8,45,5.6,13,0,0,0,2011
 Ryan Whalen,CIN,4,4,NA,27,6.8,6.8,13,1.8,2,0,0,0,0,0,0,0,0,0,0,0,0,0,2011
 Mark Clayton,STL,2,3,NA,26,13,8.7,12,1.3,1,0,0,0,NA,0,0,0,0,NA,0,0,0,0,2011
 Brian Robiskie,CLE,6,3,NA,25,4.2,8.3,14,1.3,2,0,0,0,0,0,0,0,0,0,0,0,0,0,2011
 Marc Mariani,TEN,16,5,NA,24,1.5,4.8,6,3.8,0,0,32,748,23.4,49,0,46,490,10.7,79,1,0,0,2011
 Chad Hall,PHI,7,3,NA,20,2.9,6.7,16,3.7,1,1,2,43,21.5,24,0,7,76,10.9,30,0,0,0,2011
 Clyde Gates,MIA,15,2,NA,19,1.3,9.5,11,0.5,1,0,34,843,24.8,77,0,3,32,10.7,17,0,0,0,2011
 Roscoe Parrish,BUF,2,1,NA,16,8,16,16,16,1,0,0,0,NA,0,0,5,46,9.2,28,0,0,0,2011
 Brett Swain,SFO,5,2,NA,15,3,7.5,9,5.5,1,0,0,0,0,0,0,0,0,0,0,0,0,0,2011
 Jordan Shipley,CIN,2,4,NA,14,7,3.5,5,0.3,0,0,0,0,0,0,0,0,0,0,0,0,1,0,2011
 Micheal Spurlock,TAM,12,2,NA,13,1.1,6.5,7,2,0,0,2,33,16.5,21,0,6,21,3.5,15,0,0,0,2011
 Emmanuel Arceneaux,MIN,3,1,NA,10,3.3,10,10,4,1,0,0,0,0,0,0,0,0,0,0,0,0,0,2011
 Brandon Banks,WAS,16,1,NA,10,0.6,10,10,13,1,0,51,1174,23,47,0,36,328,9.1,55,0,0,0,2011
 Maurice Stovall,DET,15,1,NA,8,0.5,8,8,12,1,0,0,0,NA,0,0,0,0,NA,0,0,0,0,2011
 Nick Miller,OAK,2,1,NA,8,1,8,8,11,0,0,6,104,17.3,23,0,10,147,14.7,88,1,0,0,2011
 Brandon Stokley,NYG,2,1,NA,7,3.5,7,7,3,0,0,0,0,0,0,0,0,0,0,0,0,0,0,2011
 Seyi Ajirotutu,CAR,14,1,NA,4,0.3,4,4,3,1,0,0,0,0,0,0,0,0,0,0,0,0,0,2011
 Richard Goodman,SDG,16,0,NA,0,0,NA,0,NA,0,0,34,936,27.5,105,1,0,0,NA,0,0,0,0,2011
 Kerry Meier,ATL,12,0,NA,0,0,NA,0,NA,0,0,0,0,0,0,0,0,0,0,0,0,0,0,2011
 David Reed,BAL,11,0,NA,0,0,NA,0,NA,0,0,18,534,29.7,77,0,0,0,NA,0,0,0,0,2011
 Armanti Edwards,CAR,16,0,NA,0,0,NA,0,NA,0,0,3,35,11.7,17,0,32,176,5.5,17,0,0,0,2011
 Jeff Maehl,HOU,3,0,NA,0,0,NA,0,NA,0,0,0,0,0,0,0,0,0,0,0,0,0,0,2011
 Michael Clayton,NYG,5,0,NA,0,0,NA,0,NA,0,0,0,0,NA,0,0,0,0,NA,0,0,0,0,2011
 Joe Hastings,SFO,1,0,NA,0,0,NA,0,NA,0,0,0,0,0,0,0,0,0,0,0,0,0,0,2011
 Jamar Newsome,JAC,2,0,NA,0,0,NA,0,NA,0,0,0,0,0,0,0,0,0,0,0,0,0,0,2011
 Anthony Gonzalez,IND,8,0,NA,0,0,NA,0,NA,0,0,0,0,0,0,0,0,0,0,0,0,0,0,2011
 Quan Cosby,DEN,10,0,NA,0,0,NA,0,NA,0,0,17,457,26.9,63,0,27,269,10,30,0,0,0,2011
 Jaymar Johnson,ARI,1,0,NA,0,0,NA,0,NA,0,0,0,0,NA,0,0,0,0,NA,0,0,0,0,2011
 Tandon Doss,BAL,5,0,NA,0,0,NA,0,NA,0,0,0,0,0,0,0,0,0,0,0,0,0,0,2011
 Stephen Williams,ARI,2,0,NA,0,0,NA,0,NA,0,0,0,0,NA,0,0,0,0,NA,0,0,0,0,2011
 Courtney Roby,NOR,16,0,NA,0,0,NA,0,NA,0,0,0,0,NA,0,0,0,0,NA,0,0,0,0,2011
 Arnaz Battle,PIT,10,0,NA,0,0,NA,0,NA,0,0,0,0,NA,0,0,0,0,NA,0,0,0,0,2011
 Roberto Wallace,MIA,2,0,NA,0,0,NA,0,NA,0,0,0,0,0,0,0,0,0,0,0,0,0,0,2011
 Max Komar,CHI,1,0,NA,0,0,NA,0,NA,0,0,0,0,NA,0,0,0,0,NA,0,0,0,0,2011
 Brandon Tate,CIN,16,0,NA,0,0,NA,0,NA,0,0,42,998,23.8,45,0,51,543,10.6,56,1,0,0,2011
 Marlon Moore,MIA,6,0,NA,0,0,NA,0,NA,0,0,0,0,NA,0,0,0,0,NA,0,0,0,0,2011
 Blair White,IND,7,0,NA,0,0,NA,0,NA,0,0,0,0,NA,0,0,7,22,3.1,13,0,0,0,2011
 Jerrel Jernigan,NYG,8,0,NA,0,0,NA,0,NA,0,0,8,186,23.3,31,0,0,0,NA,0,0,0,0,2011
 Jeremy Horne,KAN,9,0,NA,0,0,NA,0,NA,0,0,2,44,22,24,0,0,0,NA,0,0,0,0,2011
 Dwayne Harris,DAL,7,0,NA,0,0,0,0,0,0,0,8,231,28.9,51,0,15,80,5.3,14,0,0,0,2011
 Trindon Holliday,HOU,1,0,NA,0,0,0,0,0,0,0,0,0,NA,0,0,1,0,0,0,0,0,0,2011
 Kealoha Pilares,CAR,12,0,NA,0,0,0,0,0,0,0,23,590,25.7,101,1,0,0,NA,0,0,0,0,2011
Calvin Johnson,DET,16,122,204,1964,122.8,16.1,53,4.4,92,5,0,0,0,0,0,0,0,0,0,0,3,3,2012
Andre Johnson,HOU,16,112,162,1598,99.9,14.3,60,5,79,4,0,0,0,0,0,0,0,0,0,0,0,0,2012
Brandon Marshall,CHI,16,118,192,1508,94.3,12.8,56,3.1,75,11,0,0,NA,0,0,0,0,NA,0,0,2,0,2012
Demaryius Thomas,DEN,16,94,141,1434,89.6,15.3,71,6,60,10,0,0,NA,0,0,0,0,NA,0,0,3,3,2012
Vincent Jackson,TAM,16,72,147,1384,86.5,19.2,95,5.5,61,8,1,2,2,2,0,0,0,NA,0,0,0,0,2012
Dez Bryant,DAL,16,92,138,1382,86.4,15,85,5.1,54,12,0,0,NA,0,0,12,66,5.5,44,0,2,1,2012
Reggie Wayne,IND,16,106,195,1355,84.7,12.8,33,3.7,73,5,0,0,0,0,0,0,0,0,0,0,1,1,2012
Wes Welker,NWE,16,118,175,1354,84.6,11.5,59,6.1,72,6,3,33,11,17,0,25,243,9.7,31,0,2,1,2012
Roddy White,ATL,16,92,143,1351,84.4,14.7,59,3.9,73,7,0,0,NA,0,0,0,0,NA,0,0,1,0,2012
A.J. Green,CIN,16,97,164,1350,84.4,13.9,73,4.5,61,11,0,0,0,0,0,0,0,0,0,0,2,1,2012
Julio Jones,ATL,16,79,128,1198,74.9,15.2,80,6.3,56,10,0,0,0,0,0,0,0,0,0,0,0,0,2012
Steve Smith,CAR,16,73,138,1174,73.4,16.1,66,4,51,4,0,0,NA,0,0,0,0,NA,0,0,1,1,2012
Marques Colston,NOR,16,83,130,1154,72.1,13.9,60,3.8,65,10,0,0,NA,0,0,0,0,NA,0,0,4,2,2012
Michael Crabtree,SFO,16,85,127,1105,69.1,13,49,6.4,57,9,0,0,NA,0,0,0,0,NA,0,0,0,0,2012
Victor Cruz,NYG,16,86,143,1092,68.3,12.7,80,3.8,52,10,0,0,NA,0,0,0,0,NA,0,0,0,0,2012
Brian Hartline,MIA,16,74,131,1083,67.7,14.6,80,3.4,48,1,0,0,NA,0,0,0,0,NA,0,0,1,1,2012
Eric Decker,DEN,16,85,123,1064,66.5,12.5,55,3.5,52,13,0,0,NA,0,0,2,22,11,13,0,0,0,2012
Stevie Johnson,BUF,16,79,148,1046,65.4,13.2,63,4.8,52,6,0,0,NA,0,0,0,0,NA,0,0,1,1,2012
Lance Moore,NOR,15,65,104,1041,69.4,16,51,2.5,55,6,0,0,NA,0,0,1,5,5,5,0,0,0,2012
Mike Williams,TAM,16,63,126,996,62.3,15.8,65,5.7,44,9,0,0,0,0,0,0,0,0,0,0,0,0,2012
Cecil Shorts,JAC,14,55,105,979,69.9,17.8,80,6.9,36,7,0,0,NA,0,0,0,0,NA,0,0,1,1,2012
Randall Cobb,GNB,15,80,104,954,63.6,11.9,39,6,45,8,38,964,25.4,46,0,31,292,9.4,75,1,0,0,2012
Miles Austin,DAL,16,66,119,943,58.9,14.3,49,4.7,48,6,0,0,NA,0,0,0,0,NA,0,0,1,1,2012
Anquan Boldin,BAL,15,65,112,921,61.4,14.2,43,4.2,45,4,0,0,NA,0,0,0,0,NA,0,0,0,0,2012
Brandon Lloyd,NWE,16,74,130,911,56.9,12.3,53,2.6,50,4,1,0,0,0,0,0,0,NA,0,0,0,0,2012
Justin Blackmon,JAC,16,64,132,865,54.1,13.5,81,4.6,41,5,0,0,0,0,0,0,0,0,0,0,1,0,2012
T.Y. Hilton,IND,15,50,90,861,57.4,17.2,70,7.9,30,7,7,118,16.9,26,0,26,300,11.5,75,1,0,0,2012
Jeremy Maclin,PHI,15,69,122,857,57.1,12.4,70,4,37,7,0,0,NA,0,0,0,0,NA,0,0,1,1,2012
Torrey Smith,BAL,16,49,110,855,53.4,17.4,54,5.1,38,8,0,0,NA,0,0,0,0,NA,0,0,0,0,2012
Mike Wallace,PIT,15,64,119,836,55.7,13.1,82,4.3,33,8,0,0,NA,0,0,0,0,NA,0,0,2,1,2012
Jeremy Kerley,NYJ,16,56,95,827,51.7,14.8,66,5.4,31,2,0,0,NA,0,0,19,208,10.9,68,1,2,1,2012
Malcom Floyd,SDG,14,56,85,814,58.1,14.5,39,2.2,47,5,0,0,0,0,0,0,0,0,0,0,0,0,2012
Josh Gordon,CLE,16,50,95,805,50.3,16.1,71,6.2,40,5,0,0,0,0,0,0,0,0,0,0,1,1,2012
Dwayne Bowe,KAN,13,59,114,801,61.6,13.6,47,4.3,43,3,0,0,NA,0,0,0,0,NA,0,0,1,1,2012
Larry Fitzgerald,ARI,16,71,156,798,49.9,11.2,37,4.2,44,4,0,0,0,0,0,0,0,0,0,0,0,0,2012
Antonio Brown,PIT,13,66,106,787,60.5,11.9,60,5.4,43,5,0,0,NA,0,0,27,183,6.8,29,0,3,1,2012
James Jones,GNB,16,64,98,784,49,12.3,49,3.8,45,14,0,0,0,0,0,0,0,0,0,0,0,0,2012
Donnie Avery,IND,16,60,124,781,48.8,13,48,3.7,37,3,0,0,NA,0,0,0,0,NA,0,0,1,0,2012
Davone Bess,MIA,13,61,105,778,59.8,12.8,39,4.4,38,1,0,0,NA,0,0,4,30,7.5,11,0,1,0,2012
Andre Roberts,ARI,15,64,114,759,50.6,11.9,46,3.7,40,5,0,0,NA,0,0,3,15,5,10,0,1,0,2012
Sidney Rice,SEA,16,50,82,748,46.8,15,46,3.4,37,7,0,0,NA,0,0,0,0,NA,0,0,0,0,2012
Nate Washington,TEN,16,46,90,746,46.6,16.2,71,5.7,31,4,0,0,0,0,0,0,0,0,0,0,1,0,2012
Jordy Nelson,GNB,12,49,73,745,62.1,15.2,73,5.4,36,7,0,0,NA,0,0,0,0,NA,0,0,0,0,2012
Denarius Moore,OAK,15,51,114,741,49.4,14.5,58,5.3,33,7,0,0,NA,0,0,9,32,3.6,19,0,1,0,2012
DeSean Jackson,PHI,11,45,88,700,63.6,15.6,77,5.4,30,2,0,0,NA,0,0,1,-3,-3,-3,0,1,0,2012
Chris Givens,STL,15,42,80,698,46.5,16.6,65,6.9,25,3,23,539,23.4,48,0,0,0,NA,0,0,0,0,2012
Hakeem Nicks,NYG,13,53,100,692,53.2,13.1,50,3.9,35,3,0,0,NA,0,0,0,0,NA,0,0,0,0,2012
Brandon Gibson,STL,16,51,82,691,43.2,13.5,34,2.5,43,5,0,0,0,0,0,0,0,0,0,0,0,0,2012
Golden Tate,SEA,15,45,67,688,45.9,15.3,51,6.1,29,7,0,0,NA,0,0,0,0,NA,0,0,1,1,2012
Percy Harvin,MIN,9,62,85,677,75.2,10.9,45,8.9,36,3,16,574,35.9,105,1,0,0,NA,0,0,2,1,2012
Brandon LaFell,CAR,14,44,76,677,48.4,15.4,62,7.3,31,4,0,0,0,0,0,0,0,0,0,0,1,0,2012
Danny Amendola,STL,11,63,101,666,60.5,10.6,56,4.2,38,3,2,16,8,12,0,17,122,7.2,22,0,2,2,2012
Danario Alexander,SDG,10,37,62,658,65.8,17.8,80,7.9,29,7,0,0,0,0,0,0,0,0,0,0,0,0,2012
Jason Avant,PHI,14,53,76,648,46.3,12.2,39,3.2,31,0,0,0,NA,0,0,0,0,NA,0,0,1,0,2012
Greg Little,CLE,16,53,92,647,40.4,12.2,43,3.6,35,4,0,0,0,0,0,0,0,0,0,0,0,0,2012
Pierre Garcon,WAS,10,44,67,633,63.3,14.4,88,7.6,26,4,0,0,NA,0,0,0,0,NA,0,0,0,0,2012
Emmanuel Sanders,PIT,16,44,74,626,39.1,14.2,37,5,31,1,1,27,27,27,0,9,93,10.3,63,0,2,2,2012
Kendall Wright,TEN,15,64,104,626,41.7,9.8,38,5.3,38,4,0,0,0,0,0,0,0,0,0,0,1,1,2012
Darrius Heyward-Bey,OAK,15,41,80,606,40.4,14.8,59,5.9,25,5,0,0,0,0,0,0,0,0,0,0,0,0,2012
Kenny Britt,TEN,14,45,90,589,42.1,13.1,46,3.4,24,4,0,0,NA,0,0,0,0,NA,0,0,2,1,2012
Rod Streater,OAK,16,39,74,584,36.5,15,64,4,27,3,0,0,0,0,0,0,0,0,0,0,1,1,2012
Santana Moss,WAS,16,41,62,573,35.8,14,77,6.3,27,8,0,0,NA,0,0,0,0,NA,0,0,2,1,2012
Domenik Hixon,NYG,13,39,59,567,43.6,14.5,41,3.7,24,2,0,0,NA,0,0,5,36,7.2,10,0,0,0,2012
Michael Floyd,ARI,16,45,86,562,35.1,12.5,53,3.6,26,2,0,0,0,0,0,0,0,0,0,0,1,1,2012
Brandon Stokley,DEN,15,45,58,544,36.3,12.1,38,3.4,30,5,0,0,0,0,0,0,0,0,0,0,0,0,2012
Leonard Hankerson,WAS,16,38,57,543,33.9,14.3,68,4.3,25,3,0,0,0,0,0,0,0,0,0,0,0,0,2012
Andrew Hawkins,CIN,14,51,80,533,38.1,10.5,59,7,24,4,0,0,0,0,0,0,0,0,0,0,1,0,2012
Kevin Walter,HOU,16,41,68,518,32.4,12.6,52,2.7,27,2,0,0,NA,0,0,0,0,NA,0,0,0,0,2012
Joshua Morgan,WAS,16,48,73,510,31.9,10.6,32,5,29,2,0,0,NA,0,0,0,0,NA,0,0,1,0,2012
Dexter McCluster,KAN,16,52,77,452,28.3,8.7,31,4.3,24,1,0,0,NA,0,0,2,6,3,6,0,1,1,2012
Michael Jenkins,MIN,16,40,72,449,28.1,11.2,32,3.4,25,2,0,0,NA,0,0,0,0,NA,0,0,0,0,2012
Mario Manningham,SFO,12,42,57,449,37.4,10.7,40,4.3,21,1,0,0,0,0,0,0,0,0,0,0,2,1,2012
Donald Jones,BUF,12,41,67,443,36.9,10.8,68,4.7,25,4,0,0,NA,0,0,0,0,NA,0,0,1,0,2012
Kevin Ogletree,DAL,15,32,55,436,29.1,13.6,65,2.8,19,4,0,0,NA,0,0,0,0,NA,0,0,0,0,2012
Randy Moss,SFO,16,28,50,434,27.1,15.5,55,2.9,22,3,0,0,NA,0,0,0,0,NA,0,0,1,0,2012
Tiquan Underwood,TAM,14,28,55,425,30.4,15.2,62,4.2,20,2,2,47,23.5,25,0,0,0,NA,0,0,0,0,2012
Jacoby Jones,BAL,16,30,55,406,25.4,13.5,47,3.7,16,1,38,1167,30.7,108,2,37,341,9.2,63,1,0,0,2012
Harry Douglas,ATL,15,38,59,396,26.4,10.4,37,4.2,18,1,1,8,8,8,0,5,42,8.4,11,0,1,0,2012
Titus Young,DET,10,33,56,383,38.3,11.6,46,2.6,20,4,0,0,0,0,0,0,0,0,0,0,0,0,2012
Joseph Morgan,NOR,14,10,21,379,27.1,37.9,80,8.5,9,3,0,0,0,0,0,0,0,0,0,0,0,0,2012
Earl Bennett,CHI,12,29,49,375,31.3,12.9,60,7.2,20,2,2,24,12,18,0,1,2,2,2,0,0,0,2012
Alshon Jeffery,CHI,10,24,48,367,36.7,15.3,55,3.1,17,3,0,0,0,0,0,0,0,0,0,0,0,0,2012
Greg Jennings,GNB,8,36,62,366,45.8,10.2,45,4.9,22,4,0,0,NA,0,0,0,0,NA,0,0,0,0,2012
Doug Baldwin,SEA,14,29,50,366,26.1,12.6,50,2.8,18,3,1,3,3,3,0,0,0,NA,0,0,0,0,2012
Louis Murphy,CAR,16,25,61,336,21,13.4,55,3.1,16,1,0,0,0,0,0,0,0,0,0,0,1,0,2012
Jon Baldwin,KAN,15,20,47,325,21.7,16.3,57,5.9,14,1,0,0,0,0,0,0,0,0,0,0,0,0,2012
Damian Williams,TEN,13,30,45,324,24.9,10.8,27,3,18,0,0,6,NA,6,0,0,0,NA,0,0,0,0,2012
T.J. Graham,BUF,15,31,58,322,21.5,10.4,51,6,14,1,0,0,0,0,0,0,0,0,0,0,0,0,2012
Devery Henderson,NOR,15,22,47,316,21.1,14.4,41,4.3,10,1,0,0,NA,0,0,0,0,NA,0,0,1,0,2012
Jarius Wright,MIN,7,22,36,310,44.3,14.1,65,5.8,13,2,0,0,0,0,0,0,0,0,0,0,0,0,2012
Ryan Broyles,DET,10,22,32,310,31,14.1,40,7.2,16,2,0,0,0,0,0,0,0,0,0,0,0,0,2012
Travis Benjamin,CLE,14,18,37,298,21.3,16.6,69,3.7,13,2,3,76,25.3,29,0,3,149,49.7,93,1,1,1,2012
Rueben Randle,NYG,16,19,32,298,18.6,15.7,56,4.1,13,3,0,0,NA,0,0,15,108,7.2,18,0,0,0,2012
Chaz Schilens,NYJ,15,28,41,289,19.3,10.3,25,1.8,16,2,0,0,0,0,0,0,0,0,0,0,1,1,2012
Armon Binns,CIN,8,24,40,277,25.2,11.5,48,5.2,11,1,0,0,0,0,0,0,0,0,0,0,1,1,2012
Jerome Simpson,MIN,12,26,52,274,22.8,10.5,33,2.7,16,0,0,0,NA,0,0,0,0,NA,0,0,2,1,2012
Santonio Holmes,NYJ,4,20,41,272,68,13.6,38,5.8,15,1,0,0,NA,0,0,0,0,NA,0,0,1,1,2012
Austin Pettis,STL,14,30,48,261,18.6,8.7,36,3.2,16,4,1,13,13,13,0,11,77,7,23,0,0,0,2012
Derek Hagan,OAK,14,20,36,259,18.5,13,38,3.7,14,0,0,0,NA,0,0,0,0,NA,0,0,0,0,2012
Damaris Johnson,PHI,14,19,31,256,18.3,13.5,32,5.5,14,0,0,0,NA,0,0,26,291,11.2,98,1,0,0,2012
Mohamed Massaquoi,CLE,9,17,33,254,28.2,14.9,54,6.5,11,0,0,0,0,0,0,0,0,0,0,0,0,0,2012
Stephen Hill,NYJ,11,21,47,252,22.9,12,33,1.9,17,3,0,0,0,0,0,0,0,0,0,0,0,0,2012
Laurent Robinson,JAC,7,24,43,252,36,10.5,32,2.5,8,0,0,0,0,0,0,0,0,0,0,0,1,1,2012
Riley Cooper,PHI,11,23,47,248,22.5,10.8,23,3.8,14,3,1,14,14,14,0,0,0,NA,0,0,0,0,2012
Jordan Shipley,TAM,1,23,39,244,34.9,10.6,36,1.9,10,1,6,117,19.5,24,0,13,85,6.5,15,0,0,0,2012
Devin Hester,CHI,15,23,40,242,16.1,10.5,39,5,9,1,24,621,25.9,40,0,40,331,8.3,44,0,0,0,2012
Nate Burleson,DET,6,27,43,240,40,8.9,26,3.2,14,2,0,0,NA,0,0,0,0,NA,0,0,0,0,2012
Aldrick Robinson,WAS,15,11,19,237,15.8,21.5,68,6.1,9,3,0,0,0,0,0,0,0,0,0,0,0,0,2012
Julian Edelman,NWE,9,21,32,235,26.1,11.2,56,6.8,12,3,3,38,12.7,32,0,17,263,15.5,68,1,1,1,2012
Eddie Royal,SDG,10,23,44,234,23.4,10.2,31,4.6,15,1,0,0,NA,0,0,12,64,5.3,14,0,0,0,2012
Clyde Gates,NYJ,11,16,35,224,20.4,14,42,1.4,12,0,5,144,28.8,47,0,0,0,NA,0,0,0,0,2012
Dwayne Harris,DAL,16,17,31,222,13.9,13.1,36,6.4,9,1,11,210,19.1,29,0,22,354,16.1,78,1,0,0,2012
Ramses Barden,NYG,12,14,21,220,18.3,15.7,31,4,11,0,0,0,0,0,0,0,0,0,0,0,0,0,2012
Kyle Williams,SFO,11,14,22,212,19.3,15.1,57,5.6,10,1,13,353,27.2,94,0,4,52,13,20,0,1,0,2012
Brandon Tate,CIN,16,13,25,211,13.2,16.2,44,5.6,6,1,32,795,24.8,45,0,21,187,8.9,32,0,0,0,2012
Early Doucet,ARI,12,28,53,207,17.3,7.4,18,3.3,11,0,1,18,18,18,0,0,0,NA,0,0,0,0,2012
Robert Meachem,SDG,15,14,32,207,13.8,14.8,46,3.2,8,2,0,0,NA,0,0,0,0,NA,0,0,0,0,2012
Jerricho Cotchery,PIT,14,17,27,205,14.6,12.1,24,3.4,12,0,0,0,NA,0,0,0,0,NA,0,0,0,0,2012
Marvin Jones,CIN,11,18,32,201,18.3,11.2,23,2.1,11,1,0,0,0,0,0,0,0,0,0,0,0,0,2012
Micheal Spurlock,SDG,8,23,29,200,14.3,8.7,22,3.2,12,1,16,375,23.4,99,1,17,239,14.1,63,1,0,0,2012
Braylon Edwards,NYJ,3,18,36,199,15.3,11.1,19,2,12,1,0,0,0,0,0,0,0,0,0,0,0,0,2012
LaVon Brazill,IND,15,11,24,186,12.4,16.9,42,6.6,7,1,3,50,16.7,20,0,2,12,6,8,0,0,0,2012
Devin Aromashodu,MIN,15,11,22,182,12.1,16.5,31,3.4,10,0,0,0,NA,0,0,0,0,NA,0,0,0,0,2012
Brian Quick,STL,15,11,27,156,10.4,14.2,39,3,6,2,0,0,0,0,0,0,0,0,0,0,0,0,2012
Mohamed Sanu,CIN,9,16,25,154,17.1,9.6,34,4.9,10,4,0,0,0,0,0,0,0,0,0,0,0,0,2012
Brad Smith,BUF,15,14,22,152,10.1,10.9,35,3.6,7,2,18,496,27.6,89,1,0,0,NA,0,0,1,0,2012
Juron Criner,OAK,12,16,33,151,12.6,9.4,17,5.2,10,1,0,0,0,0,0,0,0,0,0,0,1,0,2012
Rishard Matthews,MIA,8,11,20,151,18.9,13.7,30,3.1,7,0,0,0,NA,0,0,0,0,NA,0,0,0,0,2012
Lestar Jean,HOU,14,6,12,151,10.8,25.2,54,13.7,5,1,0,0,0,0,0,0,0,0,0,0,0,0,2012
Deion Branch,NWE,10,16,29,145,14.5,9.1,25,3,10,0,0,0,NA,0,0,0,0,NA,0,0,0,0,2012
Jordan Norwood,CLE,2,13,19,137,68.5,10.5,27,5.6,5,0,0,0,NA,0,0,0,0,NA,0,0,0,0,2012
Steve Smith,STL,9,14,25,131,14.6,9.4,25,3.4,7,0,0,0,NA,0,0,0,0,NA,0,0,0,0,2012
Cole Beasley,DAL,10,15,24,128,12.8,8.5,20,4.4,8,0,0,0,0,0,0,0,0,0,0,0,0,0,2012
Kris Durham,DET,4,8,21,125,31.3,15.6,27,3,7,1,0,0,0,0,0,0,0,0,0,0,0,0,2012
Tandon Doss,BAL,14,7,17,123,8.8,17.6,39,9.1,6,1,0,0,NA,0,0,4,53,13.3,40,0,0,0,2012
Armanti Edwards,CAR,16,5,9,121,7.6,24.2,82,14.8,3,0,12,260,21.7,35,0,2,77,38.5,69,0,0,0,2012
Marlon Moore,MIA,14,6,11,116,8.3,19.3,37,5,5,1,0,0,NA,0,0,0,0,NA,0,0,0,0,2012
Kevin Elliott,JAC,13,10,31,108,8.3,10.8,22,2.5,6,0,0,0,0,0,0,0,0,0,0,0,0,0,2012
Mike Thomas,DET,9,18,40,108,6.8,6,12,1.8,6,1,3,46,15.3,20,0,9,56,6.2,18,0,0,0,2012
Josh Cooper,CLE,6,8,18,106,17.7,13.3,28,5.9,6,0,0,0,0,0,0,0,0,0,0,0,0,0,2012
Matthew Willis,DEN,15,10,22,90,6,9,19,2.8,5,0,1,1,1,1,0,0,0,NA,0,0,0,0,2012
DeVier Posey,HOU,11,6,14,87,7.9,14.5,36,5.5,3,0,0,0,0,0,0,0,0,0,0,0,0,0,2012
Keshawn Martin,HOU,16,10,28,85,5.3,8.5,18,4,6,1,31,741,23.9,54,0,22,267,12.1,71,0,0,0,2012
Terrance Copper,KAN,15,8,12,79,5.3,9.9,17,2.1,3,0,1,16,16,16,0,1,25,25,25,0,0,0,2012
Donald Driver,GNB,13,8,13,77,5.9,9.6,26,1.4,5,2,0,0,NA,0,0,0,0,NA,0,0,0,0,2012
Steve Breaston,KAN,10,7,15,74,7.4,10.6,24,1,5,0,0,0,NA,0,0,1,21,21,21,0,0,0,2012
Jamar Newsome,KAN,6,5,16,73,12.2,14.6,28,4.8,3,0,0,0,0,0,0,0,0,0,0,0,0,0,2012
Jabar Gaffney,MIA,3,4,10,68,22.7,17,30,2.3,3,0,0,0,NA,0,0,0,0,NA,0,0,0,0,2012
David Reed,BAL,5,5,6,66,13.2,13.2,23,4.8,2,0,0,0,0,0,0,0,0,0,0,0,0,0,2012
Joshua Cribbs,CLE,16,7,11,63,3.9,9,24,6.3,3,0,43,1178,27.4,74,0,38,457,12,60,0,1,0,2012
Donte' Stallworth,NWE,1,1,2,63,63,63,63,33,1,1,0,0,0,0,0,0,0,0,0,0,0,0,2012
Lavelle Hawkins,TEN,7,5,11,62,8.9,12.4,42,2.4,2,0,7,205,29.3,71,0,0,0,NA,0,0,0,0,2012
Michael Preston,TEN,4,5,7,59,14.8,11.8,21,1.4,3,0,0,0,0,0,0,0,0,0,0,0,0,0,2012
Ben Obomanu,SEA,8,4,9,58,7.3,14.5,36,5.3,1,0,1,0,0,0,0,0,0,NA,0,0,0,0,2012
Ryan Whalen,CIN,9,7,12,53,5.9,7.6,10,2.1,3,0,0,0,0,0,0,0,0,0,0,0,0,0,2012
Devon Wylie,KAN,6,6,12,53,8.8,8.8,16,2.3,2,0,9,191,21.2,26,0,5,26,5.2,13,0,0,0,2012
Deonte Thompson,BAL,6,5,6,51,8.5,10.2,25,4.8,2,0,15,389,25.9,49,0,0,0,NA,0,0,0,0,2012
Seyi Ajirotutu,SDG,3,3,4,45,15,15,28,0.7,2,0,0,0,0,0,0,0,0,0,0,0,0,0,2012
Greg Camarillo,NOR,5,4,5,44,8.8,11,13,2.8,3,0,0,0,NA,0,0,0,0,NA,0,0,0,0,2012
Brian Robiskie,DET,6,4,6,44,7.3,11,21,2.8,3,1,0,0,0,0,0,0,0,0,0,0,0,0,2012
Kealoha Pilares,CAR,8,2,4,42,5.3,21,36,25,1,1,9,216,24,28,0,0,0,NA,0,0,0,0,2012
Charly Martin,SEA,4,4,6,42,10.5,10.5,15,2.8,2,0,0,0,0,0,0,0,0,0,0,0,0,0,2012
Plaxico Burress,PIT,4,3,7,42,10.5,14,18,1.3,3,1,0,0,0,0,0,0,0,0,0,0,0,0,2012
Toney Clemons,JAC,4,3,11,41,10.3,13.7,17,2,2,0,0,0,0,0,0,0,0,0,0,0,0,0,2012
Ruvell Martin,BUF,14,4,6,41,2.9,10.3,16,4,3,0,0,0,NA,0,0,0,0,NA,0,0,0,0,2012
Drew Davis,ATL,16,4,6,40,2.5,10,15,5.3,2,1,0,0,0,0,0,0,0,0,0,0,0,0,2012
Stephen Burton,MIN,12,5,11,35,2.9,7,13,6.4,1,1,0,0,0,0,0,0,0,0,0,0,0,0,2012
Jermaine Kearse,SEA,7,3,7,31,4.4,10.3,17,1,2,0,0,0,0,0,0,0,0,0,0,0,0,0,2012
David Nelson,BUF,1,2,5,31,31,15.5,21,5,2,0,0,0,0,0,0,0,0,0,0,0,0,0,2012
Eric Weems,CHI,16,2,4,27,1.7,13.5,18,0.5,2,0,13,231,17.8,27,0,1,0,0,0,0,0,0,2012
Jarrett Boykin,GNB,10,5,6,27,2.7,5.4,9,1.6,1,0,0,0,0,0,0,0,0,0,0,0,0,0,2012
Kris Adams,IND,3,2,8,26,8.7,13,13,-1,2,0,0,0,0,0,0,0,0,0,0,0,0,0,2012
Arrelious Benn,TAM,8,4,6,26,3.3,6.5,9,6.3,0,0,13,306,23.5,55,0,0,0,NA,0,0,0,0,2012
Chris Owusu,TAM,5,1,4,24,4.8,24,24,12,1,0,0,0,0,0,0,0,0,0,0,0,0,0,2012
Dezmon Briscoe,WAS,7,2,5,22,3.1,11,14,6.5,1,0,0,0,NA,0,0,0,0,NA,0,0,0,0,2012
Jerrel Jernigan,NYG,9,3,5,22,2.4,7.3,9,2.7,2,0,2,60,30,60,0,0,0,NA,0,0,0,0,2012
Legedu Naanee,MIA,4,1,5,19,4.8,19,19,1,0,0,0,0,NA,0,0,0,0,NA,0,0,1,1,2012
Andre Caldwell,DEN,8,1,4,18,2.3,18,18,3,1,0,0,0,NA,0,0,0,0,NA,0,0,0,0,2012
Trindon Holliday,DEN,10,2,2,17,1.1,8.5,15,8,1,0,21,552,26.3,105,1,47,481,10.2,76,1,0,0,2012
Jason Hill,NYJ,4,2,3,15,3.8,7.5,10,0.5,2,1,0,0,NA,0,0,0,0,NA,0,0,0,0,2012
Mardy Gilyard,PHI,6,2,6,15,1.9,7.5,11,5.5,0,0,0,0,NA,0,0,2,15,7.5,11,0,0,0,2012
Brandon Banks,WAS,12,8,8,15,1.3,1.9,8,4.4,2,0,22,527,24,55,0,26,178,6.8,27,0,1,0,2012
Sammie Stroughter,TAM,2,1,2,14,7,14,14,2,1,0,0,0,NA,0,0,3,16,5.3,13,0,0,0,2012
Jordan White,NYJ,3,1,3,13,4.3,13,13,2,1,0,0,0,0,0,0,0,0,0,0,0,0,0,2012
Anthony Armstrong,MIA,5,3,9,12,2.4,4,9,1.3,0,0,0,0,NA,0,0,0,0,NA,0,0,0,0,2012
Andre Holmes,DAL,7,2,2,11,1.6,5.5,7,2.5,1,0,0,0,0,0,0,0,0,0,0,0,0,0,2012
Courtney Roby,NOR,13,1,2,9,0.7,9,9,5,0,0,0,0,NA,0,0,0,0,NA,0,0,0,0,2012
LaRon Byrd,ARI,4,1,2,8,2,8,8,1,1,0,0,0,0,0,0,0,0,0,0,0,0,0,2012
Dane Sanzenbacher,CHI,5,1,3,7,1.4,7,7,3,1,0,0,0,0,0,0,0,0,0,0,0,0,0,2012
Joe Adams,CAR,9,1,1,7,0.8,7,7,9,0,0,9,208,23.1,31,0,11,127,11.5,21,0,0,0,2012
Isaiah Stanback,JAC,2,1,1,6,3,6,6,1,0,0,0,0,0,0,0,0,0,0,0,0,0,0,2012
Austin Collie,IND,1,1,1,6,6,6,6,3,0,0,0,0,NA,0,0,0,0,NA,0,0,0,0,2012
Ted Ginn Jr.,SFO,13,2,2,1,0.1,0.5,1,3.5,0,0,11,253,23,31,0,32,326,10.2,38,0,0,0,2012
Roscoe Parrish,TAM,13,0,0,0,0,NA,0,NA,0,0,4,86,21.5,25,0,30,298,9.9,39,0,0,0,2012
Mike Brown,JAC,2,0,1,0,0,NA,0,NA,0,0,0,0,0,0,0,0,0,0,0,0,0,0,2012
Richard Goodman,SDG,7,0,2,0,0,NA,0,NA,0,0,18,497,27.6,39,0,0,0,NA,0,0,0,0,2012
Preston Parker,TAM,2,0,2,0,0,NA,0,NA,0,0,0,0,NA,0,0,0,0,NA,0,0,0,0,2012
Marvin McNutt,PHI,4,0,2,0,0,NA,0,NA,0,0,0,0,0,0,0,0,0,0,0,0,0,0,2012
A.J. Jenkins,SFO,3,0,1,0,0,NA,0,NA,0,0,0,0,0,0,0,0,0,0,0,0,0,0,2012
Kassim Osgood,DET,16,0,0,0,0,NA,0,NA,0,0,0,0,NA,0,0,0,0,NA,0,0,0,0,2012
Kevin Cone,ATL,12,0,1,0,0,NA,0,NA,0,0,0,0,0,0,0,0,0,0,0,0,0,0,2012
LaQuan Williams,BAL,11,0,0,0,0,NA,0,NA,0,0,1,5,5,5,0,0,0,NA,0,0,0,0,2012
Patrick Turner,NYJ,2,0,5,0,0,NA,0,NA,0,0,0,0,NA,0,0,0,0,NA,0,0,0,0,2012
David Gettis,CAR,2,0,0,0,0,NA,0,NA,0,0,0,0,NA,0,0,0,0,NA,0,0,0,0,2012
Matthew Slater,NWE,16,0,0,0,0,NA,0,NA,0,0,2,39,19.5,20,0,0,0,NA,0,0,0,0,2012
David Gilreath,PIT,3,0,2,0,0,NA,0,NA,0,0,0,0,NA,0,0,2,8,4,5,0,0,0,2012
Nathan Palmer,IND,5,1,4,-4,-0.8,-4,-4,-1,0,0,0,0,0,0,0,0,0,0,0,0,0,0,2012
Josh Bellamy,KAN,3,0,0,0,0,0,0,0,0,0,5,101,20.2,27,0,0,0,NA,0,0,0,0,2012
Jeremy Ross,GNB,5,0,0,0,0,0,0,0,0,0,3,86,28.7,44,0,4,103,25.8,58,0,0,0,2012
Quan Cosby,JAC,2,0,0,0,0,0,0,0,0,0,5,99,19.8,32,0,5,46,9.2,15,0,0,0,2012
Marcus Easley,BUF,3,0,0,0,0,0,0,0,0,0,2,75,37.5,55,0,0,0,NA,0,0,0,0,2012
